Analyte,Formula,Analysis,FC,A+0,A+1,A+2,A+3,A+4,A+5,A+6
L-Glutamic acid,C5H9NO4,media-hilic-18,0.726084848,2121963.081,0,25674.36505,0,0,5655390.907,
Alanine 13C15N,^13C3H7^15NO2,media-hilic-31,0.994407329,2293.894406,4266.352083,0,912165.2241,,,
L-Glutamic acid 15N,C5H9^14NO4,media-hilic-Blank01,0,0,0,0,0,0,0,
Alanine,C3H7NO2,media-hilic-06,0.016356864,424757.8687,0,39.7071584,7036.98772,,,
Lactic acid,C3H6O3,media-hilic-06,0.022853743,1.46E+07,57529.91501,0,323636.2653,,,
L-Glutamine,C5H10N2O3,media-hilic-07,0.018651163,1.99E+07,1722424.741,149989.4992,1747.614147,159.6365462,174.7183403,
L-Glutamic acid,C5H9NO4,media-hilic-08,0.739814219,2656620.602,0,8994.040277,0,0,7565601.759,
Lactic acid C3,^13C3H6O3,media-hilic-24,0.021669957,1.38E+07,10488.62539,0,303429.8169,,,
Alanine 15N,C3H7^15NO2,media-hilic-12,0,0,0,0,0,,,
Lactic acid,C3H6O3,media-hilic-14,0.103363647,1.55E+07,54858.02505,37305.02524,1744218.443,,,
Alanine 15N,C3H7^15NO2,media-hilic-19,0,0,0,0,0,,,
L-Glutamic acid,C5H9NO4,media-hilic-10,0.731431427,3955722.256,0,12742.48928,0,0,1.08E+07,
L-Glutamic acid 13C15N work,^13C5H9^15NO4,media-hilic-02,0.872406383,866.8400531,0,0,1968.694261,26214.61525,25006.16579,
Alanine,C3H7NO2,media-hilic-23,0.015264434,445694.3929,0,0,6908.730429,,,
L-Glutamic acid,C5H9NO4,media-hilic-11,0.732459347,3503492.13,0,11854.01931,0,0,9606414.971,
Lactic acid C3,^13C3H6O3,media-hilic-21,0.017426539,1.50E+07,50646.65151,0,249936.96,,,
Lactic acid C3,^13C3H6O3,media-hilic-06,0.022824668,1.46E+07,57256.40487,0,323277.0276,,,
L-Glutamic acid,C5H9NO4,media-hilic-09,0.721435725,3943930.057,0,11207.60215,0,0,1.02E+07,
Lactic acid C3,^13C3H6O3,media-hilic-QC03,0.115599944,1.49E+07,124110.218,0,1914043.982,,,
Alanine,C3H7NO2,media-hilic-33,0.016484181,483272.0589,0,0,8099.863664,,,
Glucose CL,C6H13O6Cl,media-hilic-Blank03,0.106652293,165015.5683,0,0,204.5364979,10085.42695,1032.423143,12448.24197
L-Glutamic acid,C5H9NO4,media-hilic-07,0.726544512,3815107.145,0,11868.41437,0,0,1.02E+07,
Alanine,C3H7NO2,media-hilic-QC02,0.019679823,571306.4799,0,0,11468.91674,,,
L-Glutamic acid 13C15N work,^13C5H9^15NO4,media-hilic-QC08,0.86420607,1479.607211,0,0,1137.138601,29175.58255,25423.62498,
Alanine 13C15N,^13C3H7^15NO2,media-hilic-33,0.994729641,2262.702123,6171.165931,0,1201505.208,,,
Alanine 13C15N,^13C3H7^15NO2,media-hilic-35,0.993515687,1965.649411,3612.499427,0,668970.1327,,,
Alanine 13C15N,^13C3H7^15NO2,media-hilic-06,0.995267994,2308.132983,4632.253572,0,1133443.19,,,
Lactic acid,C3H6O3,media-hilic-26,0.027463616,1.00E+07,0,24420.42282,267095.0497,,,
Glucose d7 CL,C6H6D7O6Cl,media-hilic-08,0.015235979,1043861.658,0,0,1238.733636,29.74432356,914.0309378,14761.52416
Glucose d7 CL,C6H6D7O6Cl,media-hilic-10,0.017106236,1508513.023,0,0,933.1270886,0,0,25795.64498
Alanine,C3H7NO2,media-hilic-17,0.075000524,184214.7444,0,685.5714378,14497.92486,,,
L-Glutamic acid,C5H9NO4,media-hilic-21,0.741933272,3975873.562,0,12382.16534,0,0,1.14E+07,
L-Glutamine,C5H10N2O3,media-hilic-27,0.008619299,1.58E+07,542124.5849,78175.91603,2002.827788,140.3590133,152.5330054,
L-Glutamic acid 15N,C5H9^14NO4,media-hilic-16,0,0,0,0,0,0,0,
L-Glutamine,C5H10N2O3,media-hilic-04,0.01811567,2.05E+07,1704471.928,159792.4192,1231.13742,108.6542916,153.8261691,
Glucose CL,C6H13O6Cl,media-hilic-QC07,0.657887384,1.04E+07,0,0,0,11227.00906,133433.0887,1.99E+07
Lactic acid C3,^13C3H6O3,media-hilic-34,0.265944311,1.48E+07,0,0,5363118.25,,,
Alanine,C3H7NO2,media-hilic-01,0.008841263,599822.0395,0,213.1952613,5208.99307,,,
Lactic acid,C3H6O3,media-hilic-33,0.120551973,1.48E+07,62565.67184,31743.3378,1999511.603,,,
L-Glutamic acid 13C15N work,^13C5H9^15NO4,media-hilic-QC10,0.867670322,1396.293889,0,0,1337.378689,23634.03071,23946.41816,
L-Glutamic acid,C5H9NO4,media-hilic-QC07,0.706939567,4855181.903,0,16774.17568,0,0,1.17E+07,
L-Glutamine,C5H10N2O3,media-hilic-QC03,0.022833373,2.02E+07,2222156.961,177403.7063,0,35.94551328,152.3037155,
Glucose d7 CL,C6H6D7O6Cl,media-hilic-13,0.016548755,1539680.623,0,0,1554.367703,0,284.6935477,24907.99883
Lactic acid C3,^13C3H6O3,media-hilic-22,0.021419491,1.47E+07,17581.20424,0,317247.213,,,
Alanine,C3H7NO2,media-hilic-QC10,0.021600149,457673.8443,0,0,10104.07294,,,
Glucose CL,C6H13O6Cl,media-hilic-09,0.847106539,3680310.663,0,0,0,14391.99897,154792.5652,2.04E+07
L-Glutamic acid 13C15N work,^13C5H9^15NO4,media-hilic-25,0.865144856,1324.329252,0,0,2271.264897,17543.26613,21436.36718,
L-Glutamic acid 13C15N work,^13C5H9^15NO4,media-hilic-30,0.880136672,945.672853,251.3251304,0,1478.959908,15593.61034,22251.90803,
Lactic acid,C3H6O3,media-hilic-QC08,0.109004315,1.49E+07,64830.36491,32480.59775,1786791.092,,,
L-Glutamic acid,C5H9NO4,media-hilic-26,0.746388126,1725119.477,0,6260.96138,0,0,5085634.976,
Glucose CL,C6H13O6Cl,media-hilic-13,0.821545336,4581765.034,0,0,0,5787.484862,526067.1712,2.11E+07
Alanine,C3H7NO2,media-hilic-34,0.017508554,488991.5523,0,13.86246985,8704.947285,,,
Alanine 15N,C3H7^15NO2,media-hilic-33,0,0,0,0,0,,,
Alanine 15N,C3H7^15NO2,media-hilic-14,0,0,0,0,0,,,
Lactic acid C3,^13C3H6O3,media-hilic-23,0.022671863,1.48E+07,32168.43621,0,332161.8278,,,
Lactic acid C3,^13C3H6O3,media-hilic-QC07,0.107026772,1.50E+07,0,0,1793938.903,,,
L-Glutamic acid 13C15N work,^13C5H9^15NO4,media-hilic-27,0.916743145,171.8570614,368.4095059,0,1018.576105,0,8938.972865,
L-Glutamic acid,C5H9NO4,media-hilic-14,0.718079125,4185314.686,0,16416.99272,0,0,1.07E+07,
Alanine,C3H7NO2,media-hilic-Blank01,0.399411226,6949.601858,790.5552997,358.8597383,4549.002795,,,
Alanine,C3H7NO2,media-hilic-32,0.01381179,557070.9499,0,0,7801.905451,,,
Alanine 13C15N,^13C3H7^15NO2,media-hilic-04,0.99514177,2299.999614,4774.195306,0,1121484.149,,,
L-Glutamic acid,C5H9NO4,media-hilic-QC10,0.715187298,4246096.907,0,14032.42636,0,0,1.07E+07,
Glucose d7 CL,C6H6D7O6Cl,media-hilic-02,0.003525626,1455251.233,0,0,51.25382589,0,4075.764405,1729.220644
L-Glutamic acid,C5H9NO4,media-hilic-13,0.722894068,4440321.774,0,19156.48367,0,0,1.16E+07,
L-Glutamine,C5H10N2O3,media-hilic-18,0.011821093,1.83E+07,923431.8515,105086.4671,2388.702423,535.5597863,295.2654368,
L-Glutamic acid,C5H9NO4,media-hilic-36,0.71313723,3056083.135,0,10220.7475,0,0,7608541.025,
L-Glutamic acid,C5H9NO4,media-hilic-32,0.688277092,4787973.218,0,13663.98704,0,0,1.06E+07,
Glucose d7 CL,C6H6D7O6Cl,media-hilic-Blank01,0.002213848,4325059.396,0,0,0,0,8805.681243,2261.459344
L-Glutamic acid,C5H9NO4,media-hilic-QC03,0.709258095,5136716.271,0,17095.68657,0,0,1.25E+07,
Alanine 15N,C3H7^15NO2,media-hilic-QC01,0,0,0,0,0,,,
L-Glutamic acid 15N,C5H9^14NO4,media-hilic-Blank02,0,0,0,0,0,0,0,
Lactic acid,C3H6O3,media-hilic-36,0.268197826,1.33E+07,0,0,4877001.72,,,
L-Glutamic acid 15N,C5H9^14NO4,media-hilic-QC10,0,0,0,0,0,0,0,
Alanine 15N,C3H7^15NO2,media-hilic-02,0,0,0,0,0,,,
Alanine 13C15N,^13C3H7^15NO2,media-hilic-19,0.990356825,1973.129457,3003.694819,0,407293.2699,,,
L-Glutamic acid,C5H9NO4,media-hilic-12,0.748649727,3783863.752,0,12689.44179,0,0,1.13E+07,
Alanine 13C15N,^13C3H7^15NO2,media-hilic-Blank03,0.99499292,975.3729734,1975.8261,0,454918.553,,,
L-Glutamic acid,C5H9NO4,media-hilic-20,0.74762703,3244256.063,0,10088.75521,0,0,9624646.627,
L-Glutamic acid,C5H9NO4,media-hilic-QC02,0.731688574,4992134.655,0,18294.90505,0,0,1.36E+07,
L-Glutamic acid 15N,C5H9^14NO4,media-hilic-QC05,0,0,0,0,0,0,0,
Alanine 13C15N,^13C3H7^15NO2,media-hilic-QC05,0.995313801,2313.390883,5096.655586,0,1211309.331,,,
L-Glutamic acid,C5H9NO4,media-hilic-02,0.743154629,4072488.158,0,11790.0112,0,0,1.18E+07,
Alanine 15N,C3H7^15NO2,media-hilic-10,0,0,0,0,0,,,
Lactic acid,C3H6O3,media-hilic-34,0.265904253,1.48E+07,1567.366102,0,5367962.457,,,
Glucose CL,C6H13O6Cl,media-hilic-QC02,0.664889666,1.05E+07,0,0,0,10570.1446,173910.3332,2.07E+07
L-Glutamine,C5H10N2O3,media-hilic-QC02,0.020502955,2.06E+07,1984102.027,171232.6372,1127.36029,106.8759033,122.72632,
Alanine 15N,C3H7^15NO2,media-hilic-30,0,0,0,0,0,,,
L-Glutamic acid 13C15N work,^13C5H9^15NO4,media-hilic-QC04,0.859504283,1453.380843,0,0,1579.810179,37005.12485,27482.10447,
L-Glutamic acid 15N,C5H9^14NO4,media-hilic-28,0,0,0,0,0,0,0,
Glucose CL,C6H13O6Cl,media-hilic-Blank01,0.073082789,156648.5836,0,0,98.92032345,9904.546105,1002.76517,5140.214039
L-Glutamic acid 15N,C5H9^14NO4,media-hilic-21,0,0,0,0,0,0,0,
Lactic acid C3,^13C3H6O3,media-hilic-Blank03,0.209492468,171205.3842,0,0,45371.15336,,,
Lactic acid,C3H6O3,media-hilic-25,0.034100697,1.47E+07,0,40734.21593,490631.6496,,,
Lactic acid,C3H6O3,media-hilic-30,0.061176888,1.45E+07,11945.29436,47272.56265,909434.9927,,,
Glucose d7 CL,C6H6D7O6Cl,media-hilic-27,0.014208776,744704.3173,0,0,511.2361621,0,1639.902188,9119.272072
L-Glutamic acid,C5H9NO4,media-hilic-28,0.72737034,2037818.23,0,7549.769923,0,0,5445922.901,
Lactic acid,C3H6O3,media-hilic-23,0.022707422,1.48E+07,32505.63923,0,332604.7219,,,
Alanine 13C15N,^13C3H7^15NO2,media-hilic-10,0.995159619,2454.177875,4369.464675,0,1102005.231,,,
Glucose CL,C6H13O6Cl,media-hilic-22,0.855627447,3510727.983,0,0,0,16819.59293,107205.5345,2.08E+07
Alanine 15N,C3H7^15NO2,media-hilic-Blank01,0,0,0,0,0,,,
Lactic acid,C3H6O3,media-hilic-08,0.026619367,1.27E+07,0,10655.9334,341600.3167,,,
L-Glutamine,C5H10N2O3,media-hilic-26,0.00816761,1.89E+07,596036.7965,98119.37088,2422.015701,80.64716488,190.7798127,
Lactic acid C3,^13C3H6O3,media-hilic-04,0.022448554,1.47E+07,47044.68208,0,323597.0813,,,
Lactic acid C3,^13C3H6O3,media-hilic-30,0.059133241,1.45E+07,0,0,908872.0295,,,
Glucose CL,C6H13O6Cl,media-hilic-01,0.004124281,2.37E+07,463278.7062,0,0,20712.45998,1753.978368,7220.953261
Lactic acid C3,^13C3H6O3,media-hilic-01,0.015006692,1.49E+07,35582.72111,0,216231.9479,,,
Alanine 15N,C3H7^15NO2,media-hilic-07,0,0,0,0,0,,,
Alanine 15N,C3H7^15NO2,media-hilic-Blank03,0,0,0,0,0,,,
Glucose CL,C6H13O6Cl,media-hilic-03,0.003355227,2.37E+07,365740.6089,0,0,21824.44104,1595.605238,3952.882938
Lactic acid,C3H6O3,media-hilic-02,0.019250542,1.45E+07,84220.55916,0,256687.2292,,,
Lactic acid C3,^13C3H6O3,media-hilic-33,0.118755491,1.48E+07,0,0,1997783.901,,,
Alanine,C3H7NO2,media-hilic-28,0.017757464,276682.9658,0,235.1266488,4846.676603,,,
L-Glutamine,C5H10N2O3,media-hilic-QC09,0.020614655,2.01E+07,1948214.413,169917.2457,1311.87263,106.7316777,183.6303966,
L-Glutamine,C5H10N2O3,media-hilic-19,0.01298797,1.74E+07,992837.6424,100621.7788,1939.418227,146.5132176,222.0614029,
L-Glutamic acid 13C15N work,^13C5H9^15NO4,media-hilic-16,0.878666902,1057.306984,0,0,909.7959783,22445.3141,24298.84378,
Alanine 15N,C3H7^15NO2,media-hilic-17,0.995240784,1643.0022,0,0,343582.4142,,,
Glucose d7 CL,C6H6D7O6Cl,media-hilic-26,0.014911361,855801.3313,0,0,732.6222893,69.88172726,1203.190402,11547.70448
L-Glutamic acid 15N,C5H9^14NO4,media-hilic-26,0,0,0,0,0,0,0,
L-Glutamine,C5H10N2O3,media-hilic-06,0.018918412,2.04E+07,1793905.478,158399.2097,1728.54223,272.4582552,203.3912742,
Lactic acid C3,^13C3H6O3,media-hilic-15,0.09944912,1.53E+07,0,0,1694027.008,,,
L-Glutamic acid 13C15N work,^13C5H9^15NO4,media-hilic-31,0.889599913,1091.853897,0,0,750.0278497,12306.58173,20753.51441,
L-Glutamic acid 15N,C5H9^14NO4,media-hilic-QC06,0,0,0,0,0,0,0,
L-Glutamine,C5H10N2O3,media-hilic-09,0.020845682,1.90E+07,1881803.23,154905.7828,1210.320177,83.93793361,216.4846157,
Lactic acid C3,^13C3H6O3,media-hilic-29,0.058406984,1.50E+07,0,0,930920.423,,,
Alanine 15N,C3H7^15NO2,media-hilic-08,0,0,0,0,0,,,
Alanine 15N,C3H7^15NO2,media-hilic-29,0,0,0,0,0,,,
Alanine,C3H7NO2,media-hilic-16,0.068830018,536943.634,0,390.2216435,39439.14828,,,
Alanine 15N,C3H7^15NO2,media-hilic-31,0,0,0,0,0,,,
Alanine 13C15N,^13C3H7^15NO2,media-hilic-32,0.995287852,2545.045436,4569.504807,0,1179474.133,,,
Glucose CL,C6H13O6Cl,media-hilic-QC03,0.654142252,1.05E+07,0,0,0,12049.86109,135681.3214,1.98E+07
Alanine 13C15N,^13C3H7^15NO2,media-hilic-34,0.993730012,2510.74469,5315.254689,0,957765.6055,,,
L-Glutamic acid,C5H9NO4,media-hilic-05,0.727587148,4121162.893,0,13090.82977,0,0,1.10E+07,
Lactic acid,C3H6O3,media-hilic-03,0.014570288,1.52E+07,9861.610559,0,221295.1986,,,
Alanine 13C15N,^13C3H7^15NO2,media-hilic-QC08,0.994490616,2648.185417,5407.517401,0,1126952.683,,,
Alanine 13C15N,^13C3H7^15NO2,media-hilic-14,0.994355195,2470.330981,5427.711852,0,1070758.525,,,
L-Glutamic acid,C5H9NO4,media-hilic-15,0.735952674,3921748.802,0,14824.36495,0,0,1.09E+07,
Alanine,C3H7NO2,media-hilic-13,0.032614375,520549.1658,0,0,17549.76012,,,
Glucose CL,C6H13O6Cl,media-hilic-08,0.851254708,3438427.54,0,0,0,13009.26336,159661.2495,1.97E+07
Glucose d7 CL,C6H6D7O6Cl,media-hilic-32,0.016245506,1444741.327,0,0,953.2799605,112.4702202,0,23315.0122
L-Glutamine,C5H10N2O3,media-hilic-Blank01,0.207915075,9296.938054,250.6811324,7913.718108,227.0928919,263.9929813,213.9995504,
Alanine 13C15N,^13C3H7^15NO2,media-hilic-25,0.994864412,2471.061419,4522.931774,0,1061306.185,,,
L-Glutamic acid 13C15N work,^13C5H9^15NO4,media-hilic-14,0.867753073,1565.644037,0,0,959.0568451,21081.39642,23015.37223,
Glucose d7 CL,C6H6D7O6Cl,media-hilic-15,0.016811665,1315394.821,0,0,1325.590651,77.05786223,0,21789.71222
L-Glutamic acid 13C15N work,^13C5H9^15NO4,media-hilic-35,0.916666947,704.2763357,0,0,1354.512133,1553.867361,15069.66291,
Alanine,C3H7NO2,media-hilic-15,0.032664597,431133.8279,0,15.64276937,14548.10321,,,
L-Glutamic acid 13C15N work,^13C5H9^15NO4,media-hilic-Blank03,0.880703246,255.6247265,160.0746362,0,2559.281373,0,8822.465009,
Lactic acid C3,^13C3H6O3,media-hilic-27,0.027882523,7723520.014,0,0,221527.9852,,,
Alanine 15N,C3H7^15NO2,media-hilic-QC09,0,0,0,0,0,,,
Glucose CL,C6H13O6Cl,media-hilic-QC09,0.678374486,9700419.432,0,0,0,15288.76693,28666.20555,2.04E+07
L-Glutamine,C5H10N2O3,media-hilic-31,0.02283892,1.83E+07,2023648.587,154157.031,850.5722854,0,147.343547,
L-Glutamic acid 15N,C5H9^14NO4,media-hilic-13,0,0,0,0,0,0,0,
Glucose CL,C6H13O6Cl,media-hilic-25,0.841148843,3946766.26,0,0,0,19129.24005,345925.7311,2.09E+07
Glucose d7 CL,C6H6D7O6Cl,media-hilic-05,0.0160862,1322950.245,0,0,1624.205709,49.97567954,0,20797.30285
L-Glutamine,C5H10N2O3,media-hilic-05,0.020193865,2.01E+07,1905331.574,164086.8687,1588.001968,16.89818205,171.6207123,
Alanine 13C15N,^13C3H7^15NO2,media-hilic-05,0.995281505,2410.137124,4580.048433,0,1150900.67,,,
Alanine,C3H7NO2,media-hilic-21,0.009409869,610833.4039,0,0,5802.463013,,,
Alanine 13C15N,^13C3H7^15NO2,media-hilic-QC09,0.9947871,2570.711976,4381.072197,0,1046478.54,,,
Glucose d7 CL,C6H6D7O6Cl,media-hilic-17,0.014378875,725186.1589,0,0,727.5807468,0,2385.222586,8239.113301
Lactic acid C3,^13C3H6O3,media-hilic-QC05,0.113555744,1.49E+07,0,0,1905922.793,,,
L-Glutamic acid 13C15N work,^13C5H9^15NO4,media-hilic-21,0.860097823,1253.11747,370.6690103,0,2257.094488,24443.35268,24149.29568,
Alanine 13C15N,^13C3H7^15NO2,media-hilic-08,0.994179911,1942.622235,3589.487896,0,739407.41,,,
Alanine 15N,C3H7^15NO2,media-hilic-35,0,0,0,0,0,,,
L-Glutamine,C5H10N2O3,media-hilic-13,0.019557668,2.02E+07,1841913.559,162002.4883,1404.020802,24.81509711,170.383039,
Lactic acid C3,^13C3H6O3,media-hilic-19,0.011577542,1.12E+07,0,0,131416.6303,,,
Glucose CL,C6H13O6Cl,media-hilic-34,0.852227919,3557336.569,0,0,0,13595.63144,150059.1093,2.06E+07
Glucose d7 CL,C6H6D7O6Cl,media-hilic-34,0.014511856,1288826.112,0,0,1115.714503,0,0,18429.03202
Lactic acid,C3H6O3,media-hilic-QC10,0.09626109,1.54E+07,0,35784.31512,1619883.605,,,
L-Glutamic acid 15N,C5H9^14NO4,media-hilic-08,0,0,0,0,0,0,0,
Lactic acid,C3H6O3,media-hilic-12,0.052120491,1.48E+07,4595.968454,51617.50039,777075.2606,,,
Glucose d7 CL,C6H6D7O6Cl,media-hilic-19,0.006497383,763467.8111,0,0,295.6956398,18.76857418,3999.433194,1505.129922
Alanine 13C15N,^13C3H7^15NO2,media-hilic-QC01,0.994965816,2566.030467,5575.046592,0,1239872.213,,,
Alanine 13C15N,^13C3H7^15NO2,media-hilic-07,0.995032233,2156.177827,4373.580009,0,1014431.615,,,
Alanine,C3H7NO2,media-hilic-09,0.018833254,401350.7293,0,0,7703.828379,,,
L-Glutamic acid 13C15N work,^13C5H9^15NO4,media-hilic-34,0.886300415,860.1436282,43.818828,0,1523.073181,13803.67507,21281.85341,
Lactic acid,C3H6O3,media-hilic-32,0.124505323,1.49E+07,142332.2094,34614.03362,2058887.866,,,
L-Glutamic acid 13C15N work,^13C5H9^15NO4,media-hilic-19,0.880470063,448.2955223,382.4372853,0,2987.174097,0,12488.59373,
L-Glutamine,C5H10N2O3,media-hilic-02,0.020408567,2.01E+07,1933979.945,162081.543,695.3784195,66.97711002,197.3295054,
L-Glutamic acid,C5H9NO4,media-hilic-23,0.720426212,4073420.64,0,12014.21757,0,0,1.05E+07,
Alanine,C3H7NO2,media-hilic-10,0.023095209,435732.9798,0,0,10301.25366,,,
Alanine 15N,C3H7^15NO2,media-hilic-09,0,0,0,0,0,,,
Alanine 13C15N,^13C3H7^15NO2,media-hilic-26,0.992638299,1734.787206,3100.13976,0,511560.2625,,,
Alanine,C3H7NO2,media-hilic-05,0.01707615,439176.738,0,0,7629.734192,,,
L-Glutamic acid,C5H9NO4,media-hilic-01,0.733365151,3916155.558,0,12535.36595,0,0,1.08E+07,
Lactic acid C3,^13C3H6O3,media-hilic-32,0.121660978,1.49E+07,0,0,2057151.819,,,
L-Glutamic acid 15N,C5H9^14NO4,media-hilic-30,0,0,0,0,0,0,0,
L-Glutamic acid 15N,C5H9^14NO4,media-hilic-QC02,0,0,0,0,0,0,0,
Alanine 15N,C3H7^15NO2,media-hilic-16,0,0,0,0,0,,,
Alanine 15N,C3H7^15NO2,media-hilic-18,0,0,0,0,0,,,
L-Glutamic acid 13C15N work,^13C5H9^15NO4,media-hilic-28,0.899497133,635.4985942,168.7775474,0,2056.643025,0,12991.1444,
L-Glutamic acid 15N,C5H9^14NO4,media-hilic-QC01,0,0,0,0,0,0,0,
Lactic acid,C3H6O3,media-hilic-QC01,0.113916512,1.52E+07,92615.97104,40664.85349,1899764.24,,,
Glucose CL,C6H13O6Cl,media-hilic-10,0.827530818,4329024.306,0,0,0,0,413696.4541,2.08E+07
L-Glutamic acid 15N,C5H9^14NO4,media-hilic-Blank03,0,0,0,0,0,0,0,
Alanine 15N,C3H7^15NO2,media-hilic-28,0,0,0,0,0,,,
Alanine,C3H7NO2,media-hilic-36,0.019959608,348197.6325,0,0,7091.430383,,,
Alanine 13C15N,^13C3H7^15NO2,media-hilic-18,0.993475415,2037.526566,2696.377928,0,583060.1245,,,
Lactic acid C3,^13C3H6O3,media-hilic-11,0.049646748,1.44E+07,0,0,752119.7385,,,
Lactic acid C3,^13C3H6O3,media-hilic-02,0.019248505,1.45E+07,84201.76224,0,256662.5407,,,
Alanine 13C15N,^13C3H7^15NO2,media-hilic-13,0.994642485,2509.14161,5832.887766,0,1185818.63,,,
L-Glutamic acid,C5H9NO4,media-hilic-30,0.737815875,3797189.575,0,12398.55638,0,0,1.07E+07,
L-Glutamic acid 15N,C5H9^14NO4,media-hilic-05,0,0,0,0,0,0,0,
Glucose CL,C6H13O6Cl,media-hilic-07,0.847902183,3782344.811,0,0,0,13955.41546,156661.921,2.11E+07
L-Glutamic acid 15N,C5H9^14NO4,media-hilic-25,0,0,0,0,0,0,0,
Lactic acid,C3H6O3,media-hilic-QC03,0.116922252,1.49E+07,124856.2486,37938.78063,1915567.06,,,
Alanine 15N,C3H7^15NO2,media-hilic-25,0,0,0,0,0,,,
Alanine 15N,C3H7^15NO2,media-hilic-06,0,0,0,0,0,,,
Alanine 13C15N,^13C3H7^15NO2,media-hilic-Blank01,0.994639881,1080.477975,2040.531193,0,452248.0468,,,
Alanine 15N,C3H7^15NO2,media-hilic-22,0,0,0,0,0,,,
Alanine 13C15N,^13C3H7^15NO2,media-hilic-15,0.995211806,2336.188649,4020.546195,0,1041335.422,,,
L-Glutamine,C5H10N2O3,media-hilic-14,0.020661229,1.98E+07,1940803.773,155902.0935,1557.125779,34.80409123,188.360277,
L-Glutamic acid 15N,C5H9^14NO4,media-hilic-10,0,0,0,0,0,0,0,
L-Glutamic acid 15N,C5H9^14NO4,media-hilic-06,0,0,0,0,0,0,0,
L-Glutamine,C5H10N2O3,media-hilic-33,0.020454533,2.04E+07,1958465.175,168136.6184,1245.605223,58.60454327,128.9416231,
L-Glutamic acid 15N,C5H9^14NO4,media-hilic-14,0,0,0,0,0,0,0,
Lactic acid C3,^13C3H6O3,media-hilic-QC06,0.110360863,1.50E+07,0,0,1858595.454,,,
L-Glutamic acid,C5H9NO4,media-hilic-29,0.728133878,4218827.064,0,13493.51916,0,0,1.13E+07,
Alanine,C3H7NO2,media-hilic-18,0.068282109,306542.2241,0,499.7763821,22144.35428,,,
Alanine,C3H7NO2,media-hilic-QC03,0.018441335,598156.2402,0,0,11238.04394,,,
Alanine 13C15N,^13C3H7^15NO2,media-hilic-Blank02,0.994481302,1021.227123,2301.95854,0,459805.3144,,,
L-Glutamic acid 15N,C5H9^14NO4,media-hilic-19,0,0,0,0,0,0,0,
Alanine 13C15N,^13C3H7^15NO2,media-hilic-27,0.992543646,1590.798414,2172.203116,0,403799.9839,,,
L-Glutamine,C5H10N2O3,media-hilic-Blank02,0.094087489,32558.55646,234.3047054,8143.508654,336.0351667,305.8389218,178.2025667,
L-Glutamine,C5H10N2O3,media-hilic-03,0.017615404,2.04E+07,1656926.589,148363.937,1651.406021,4.234824229,174.8509637,
Lactic acid,C3H6O3,media-hilic-Blank02,0.287446271,147706.4893,212.8872122,0,59571.52286,,,
L-Glutamine,C5H10N2O3,media-hilic-25,0.016885813,2.04E+07,1563552.668,149854.5426,1562.448175,5.897030163,155.3012034,
Alanine 15N,C3H7^15NO2,media-hilic-15,0,0,0,0,0,,,
Glucose d7 CL,C6H6D7O6Cl,media-hilic-07,0.016243717,1322815.996,0,0,859.4677248,89.12102428,0,21360.68606
L-Glutamic acid,C5H9NO4,media-hilic-16,0.728506117,4180565.177,0,50347.17467,0,0,1.13E+07,
Lactic acid,C3H6O3,media-hilic-QC04,0.106160606,1.60E+07,40502.53638,42962.06681,1863049.681,,,
L-Glutamic acid 15N,C5H9^14NO4,media-hilic-22,0,0,0,0,0,0,0,
Alanine,C3H7NO2,media-hilic-QC06,0.019264025,574468.0314,0,0,11283.94046,,,
Glucose d7 CL,C6H6D7O6Cl,media-hilic-36,0.014127573,1144574.224,0,0,913.6731072,0,1329.621282,14846.64104
Alanine 15N,C3H7^15NO2,media-hilic-04,0,0,0,0,0,,,
Glucose CL,C6H13O6Cl,media-hilic-32,0.825458925,4435260.149,0,0,0,2033.985326,416567.4507,2.10E+07
Glucose d7 CL,C6H6D7O6Cl,media-hilic-06,0.01472807,1417021.301,0,0,1116.105715,151.9498269,0,20531.70429
Lactic acid,C3H6O3,media-hilic-16,0.272318877,1.53E+07,58454.27224,0,5730889.778,,,
Alanine 13C15N,^13C3H7^15NO2,media-hilic-22,0.994797672,2364.910671,4086.668419,0,971832.7399,,,
Lactic acid,C3H6O3,media-hilic-15,0.101083008,1.54E+07,37055.56994,34747.57211,1695460.616,,,
Alanine,C3H7NO2,media-hilic-Blank02,0.394782981,7226.917244,702.889339,423.1345229,4595.397641,,,
Glucose CL,C6H13O6Cl,media-hilic-30,0.835033168,3970464.897,0,0,0,4818.368131,350886.0042,2.01E+07
Glucose d7 CL,C6H6D7O6Cl,media-hilic-Blank03,0.002651547,3819061.062,0,0,0,0,9310.135232,2399.021286
Alanine,C3H7NO2,media-hilic-QC08,0.019853477,530684.4941,0,0,10749.34401,,,
L-Glutamine,C5H10N2O3,media-hilic-29,0.019358855,2.02E+07,1819288.587,161248.0904,1263.494499,5.943037876,136.6947859,
L-Glutamic acid,C5H9NO4,media-hilic-QC08,0.706101197,4654016.568,0,16673.92903,0,0,1.12E+07,
Lactic acid C3,^13C3H6O3,media-hilic-03,0.014543115,1.52E+07,9602.036772,0,220954.2654,,,
L-Glutamine,C5H10N2O3,media-hilic-34,0.017153702,2.01E+07,1579499.762,144913.9582,1720.125331,172.5610882,152.8497442,
L-Glutamic acid 13C15N work,^13C5H9^15NO4,media-hilic-36,0.886074349,959.9566732,0,0,2969.068029,1405.438129,15983.57655,
Lactic acid,C3H6O3,media-hilic-13,0.106888056,1.60E+07,27509.40255,43043.25253,1884566.14,,,
L-Glutamic acid 15N,C5H9^14NO4,media-hilic-33,0,0,0,0,0,0,0,
Lactic acid,C3H6O3,media-hilic-01,0.01690098,1.49E+07,34984.80769,44819.77136,216088.367,,,
Alanine,C3H7NO2,media-hilic-07,0.01990986,387895.946,0,0,7879.840644,,,
Glucose d7 CL,C6H6D7O6Cl,media-hilic-31,0.016778607,1208791.375,0,0,486.4848002,12.11455234,0,20380.84463
Lactic acid C3,^13C3H6O3,media-hilic-31,0.104499682,1.58E+07,0,0,1846283.399,,,
Alanine 13C15N,^13C3H7^15NO2,media-hilic-30,0.994876022,2457.643662,4464.665511,0,1053598.795,,,
L-Glutamine,C5H10N2O3,media-hilic-35,0.015179007,1.84E+07,1253422.268,120090.1305,1856.342112,120.4077062,140.6108965,
Alanine,C3H7NO2,media-hilic-QC05,0.020513542,565885.4231,0,0,11851.42938,,,
L-Glutamine,C5H10N2O3,media-hilic-20,0.016086962,2.02E+07,1454582.495,144693.5896,2091.019192,72.95767214,234.1537094,
Lactic acid C3,^13C3H6O3,media-hilic-QC01,0.111432544,1.51E+07,0,0,1898230.104,,,
L-Glutamine,C5H10N2O3,media-hilic-36,0.013563611,1.96E+07,1159569.214,126134.4762,2103.873258,89.89892528,202.6842759,
Lactic acid,C3H6O3,media-hilic-22,0.021422326,1.47E+07,17607.97497,0,317282.3746,,,
L-Glutamic acid 13C15N work,^13C5H9^15NO4,media-hilic-QC09,0.866680817,1338.539281,0,0,1347.16052,28007.40256,25404.4812,
L-Glutamic acid,C5H9NO4,media-hilic-06,0.733245541,4141612.19,0,12883.41117,0,0,1.14E+07,
Glucose d7 CL,C6H6D7O6Cl,media-hilic-29,0.016458568,1546349.267,0,0,928.0017446,0,0,25420.3503
Glucose d7 CL,C6H6D7O6Cl,media-hilic-18,0.012840111,960087.1471,0,0,915.1614104,60.14002818,614.9483386,11485.38683
L-Glutamic acid,C5H9NO4,media-hilic-04,0.736369951,3975559.574,0,12446.73431,0,0,1.11E+07,
Glucose d7 CL,C6H6D7O6Cl,media-hilic-25,0.014388077,1278546.973,0,0,1174.198174,115.9259496,914.5630786,17249.21742
L-Glutamic acid 15N,C5H9^14NO4,media-hilic-01,0,0,0,0,0,0,0,
L-Glutamic acid,C5H9NO4,media-hilic-QC01,0.717708811,5102969.446,0,17472.0776,0,0,1.30E+07,
Alanine 15N,C3H7^15NO2,media-hilic-11,0,0,0,0,0,,,
Lactic acid C3,^13C3H6O3,media-hilic-18,0.267096013,1.04E+07,0,0,3786295.714,,,
L-Glutamic acid,C5H9NO4,media-hilic-34,0.710210731,3911181.586,0,13339.25086,0,0,9599738.192,
L-Glutamic acid 13C15N work,^13C5H9^15NO4,media-hilic-QC07,0.860955558,1759.997873,0,0,1258.043561,31606.70736,27114.91267,
Glucose CL,C6H13O6Cl,media-hilic-15,0.849118052,3726745.477,0,0,0,16033.24701,117772.2064,2.10E+07
L-Glutamine,C5H10N2O3,media-hilic-01,0.017686512,2.06E+07,1654774.292,158963.6135,1634.691757,167.3809218,197.2602159,
Glucose CL,C6H13O6Cl,media-hilic-02,0.004330472,2.42E+07,531651.9,0,0,20567.3962,1568.066756,3471.895457
Glucose d7 CL,C6H6D7O6Cl,media-hilic-21,0.004089639,1313005.758,0,0,0,0,4014.00362,2049.514296
Lactic acid,C3H6O3,media-hilic-28,0.050933259,1.10E+07,0,25993.60536,575854.0312,,,
Glucose CL,C6H13O6Cl,media-hilic-05,0.841815212,3898445.606,0,0,0,8570.338059,256918.3777,2.08E+07
Lactic acid,C3H6O3,media-hilic-35,0.272923452,1.24E+07,14173.9277,0,4669711.358,,,
L-Glutamic acid 15N,C5H9^14NO4,media-hilic-29,0,0,0,0,0,0,0,
Glucose d7 CL,C6H6D7O6Cl,media-hilic-QC03,0.012905234,1606989.709,0,0,1111.742116,111.2749019,0,20387.41134
L-Glutamine,C5H10N2O3,media-hilic-QC06,0.023519865,1.99E+07,2269819.002,178571.8341,0,185.4497171,190.1818714,
L-Glutamine,C5H10N2O3,media-hilic-21,0.020050754,2.02E+07,1909736.842,160286.9621,1473.774353,48.16937535,245.1302137,
L-Glutamic acid 13C15N work,^13C5H9^15NO4,media-hilic-17,0.854546801,344.1873781,0,0,2981.504432,0,7239.831395,
Alanine 13C15N,^13C3H7^15NO2,media-hilic-11,0.994793132,2148.049151,4558.578959,0,989497.1932,,,
Lactic acid C3,^13C3H6O3,media-hilic-QC04,0,0,0,0,0,,,
L-Glutamic acid 15N,C5H9^14NO4,media-hilic-32,0,0,0,0,0,0,0,
L-Glutamine,C5H10N2O3,media-hilic-11,0.018234396,1.94E+07,1649263.047,141034.4027,844.1800912,56.8818018,128.5234069,
Alanine,C3H7NO2,media-hilic-14,0.032645022,475973.5701,0,7.923216829,16057.33611,,,
L-Glutamic acid 13C15N work,^13C5H9^15NO4,media-hilic-20,0.871747187,655.0122415,194.8707507,0,2699.501049,15870.87305,20071.14853,
Alanine 15N,C3H7^15NO2,media-hilic-13,0,0,0,0,0,,,
Alanine 15N,C3H7^15NO2,media-hilic-QC10,0,0,0,0,0,,,
Glucose d7 CL,C6H6D7O6Cl,media-hilic-14,0.016934558,1338492.367,0,0,1495.939783,23.42596023,0,22306.67322
Glucose CL,C6H13O6Cl,media-hilic-20,0.003189225,2.29E+07,319035.4313,0,0,21439.66237,1561.348191,5509.79874
Lactic acid,C3H6O3,media-hilic-27,0.028349197,7731072.194,0,5674.097631,221836.7025,,,
L-Glutamic acid 13C15N work,^13C5H9^15NO4,media-hilic-09,0.88525959,1133.084943,0,0,226.7421068,18693.35285,23196.20692,
L-Glutamic acid 13C15N work,^13C5H9^15NO4,media-hilic-12,0.882682456,667.6558481,21.84524144,0,1778.964543,20016.18792,23543.88806,
Lactic acid,C3H6O3,media-hilic-17,0.234321744,8080761.024,0,0,2472968.254,,,
Lactic acid,C3H6O3,media-hilic-24,0.021676207,1.38E+07,10544.04743,0,303502.6102,,,
Glucose CL,C6H13O6Cl,media-hilic-27,0.867371673,2429641.034,0,0,0,20058.87692,0,1.59E+07
L-Glutamic acid 13C15N work,^13C5H9^15NO4,media-hilic-QC05,0.859290459,1281.126735,0,0,1066.060337,43442.86185,28093.52112,
L-Glutamic acid 15N,C5H9^14NO4,media-hilic-17,0,0,0,0,0,0,0,
Glucose d7 CL,C6H6D7O6Cl,media-hilic-30,0.015167474,1346356.765,0,0,867.8609057,0,0,20308.0859
L-Glutamic acid,C5H9NO4,media-hilic-Blank03,0.972912031,105616.6583,0,2667.952997,0,0,3849835.29,
Alanine 13C15N,^13C3H7^15NO2,media-hilic-QC03,0.995141461,2380.5745,5358.374396,0,1217490.413,,,
L-Glutamine,C5H10N2O3,media-hilic-QC01,0.021451545,2.05E+07,2087654.175,174730.8693,421.6783181,190.1631603,169.2478581,
Alanine 15N,C3H7^15NO2,media-hilic-Blank02,0,0,0,0,0,,,
Lactic acid C3,^13C3H6O3,media-hilic-36,0.268230265,1.33E+07,0,0,4872642.341,,,
Glucose CL,C6H13O6Cl,media-hilic-36,0.852604604,3371289.285,0,0,0,32211.25797,136853.9553,1.96E+07
L-Glutamic acid,C5H9NO4,media-hilic-QC06,0.706166844,5066366.657,0,17036.16117,0,0,1.22E+07,
Lactic acid C3,^13C3H6O3,media-hilic-09,0.029425345,1.47E+07,28739.45049,0,437381.6451,,,
Lactic acid C3,^13C3H6O3,media-hilic-07,0.030481936,1.51E+07,0,0,474228.8531,,,
L-Glutamine,C5H10N2O3,media-hilic-23,0.02065967,1.98E+07,1947043.616,157914.0383,867.7026373,131.8191895,147.2441498,
Lactic acid C3,^13C3H6O3,media-hilic-14,0.101432563,1.54E+07,0,0,1742771.975,,,
L-Glutamic acid 13C15N work,^13C5H9^15NO4,media-hilic-08,0.898926013,851.7777547,0,0,2519.482977,2197.246404,17177.40696,
Alanine,C3H7NO2,media-hilic-QC01,0.02091962,570390.6566,0,0,12187.30967,,,
L-Glutamine,C5H10N2O3,media-hilic-QC08,0.02221517,1.99E+07,2116426.724,171665.3462,795.1929669,26.97068141,129.4857404,
Glucose CL,C6H13O6Cl,media-hilic-04,0.831083198,4228409.548,0,0,0,0,378204.3614,2.08E+07
Glucose CL,C6H13O6Cl,media-hilic-17,0.865839587,2429791.465,0,0,0,24844.70606,0,1.57E+07
Glucose CL,C6H13O6Cl,media-hilic-21,0.003853721,2.46E+07,448229.1355,0,0,22818.31825,1547.640463,5513.203743
Alanine,C3H7NO2,media-hilic-26,0.022282564,191523.0642,124.3024614,97.90106555,4260.816622,,,
L-Glutamic acid,C5H9NO4,media-hilic-27,0.74552984,1196215.774,0,4316.639011,0,0,3510455.142,
Lactic acid C3,^13C3H6O3,media-hilic-28,0.049568764,1.10E+07,0,0,575401.9872,,,
L-Glutamic acid 13C15N work,^13C5H9^15NO4,media-hilic-11,0.873622482,656.2236119,0,0,2639.870097,18863.54387,21241.1231,
Alanine 13C15N,^13C3H7^15NO2,media-hilic-09,0.995032497,2113.389013,4695.055241,0,1048737.171,,,
Glucose CL,C6H13O6Cl,media-hilic-QC06,0.657125308,1.03E+07,0,0,0,15616.01994,76447.06693,1.97E+07
Glucose CL,C6H13O6Cl,media-hilic-QC10,0.689694494,8764065.043,0,0,0,18716.92392,0,1.95E+07
L-Glutamine,C5H10N2O3,media-hilic-28,0.011850307,1.77E+07,895726.0795,102164.8181,2077.952536,171.9539905,151.2635554,
Lactic acid C3,^13C3H6O3,media-hilic-05,0.022564878,1.50E+07,36895.26637,0,335519.2206,,,
L-Glutamic acid,C5H9NO4,media-hilic-33,0.722592629,4463818.286,0,14154.61387,0,0,1.16E+07,
Alanine,C3H7NO2,media-hilic-04,0.016432779,442926.4678,0,0,7400.11705,,,
L-Glutamic acid 15N,C5H9^14NO4,media-hilic-24,0,0,0,0,0,0,0,
Alanine 13C15N,^13C3H7^15NO2,media-hilic-12,0.994972019,2236.454625,5141.598803,0,1119155.003,,,
Alanine,C3H7NO2,media-hilic-19,0.010414014,341219.2205,0,122.2666068,3509.774779,,,
L-Glutamine,C5H10N2O3,media-hilic-12,0.016887861,2.04E+07,1560345.523,150571.6148,2299.938662,0,186.1993807,
L-Glutamic acid 13C15N work,^13C5H9^15NO4,media-hilic-26,0.888416463,956.1761663,0,0,1696.691705,0,11998.5125,
Glucose d7 CL,C6H6D7O6Cl,media-hilic-33,0.016040725,1549608.667,0,0,1013.498446,0,0,24763.58013
Alanine 13C15N,^13C3H7^15NO2,media-hilic-17,0.991452952,1633.77169,2003.092147,0,343754.0041,,,
L-Glutamic acid 13C15N work,^13C5H9^15NO4,media-hilic-QC02,0.863861155,823.200425,0,0,1640.102249,40266.92646,27291.12764,
Alanine 13C15N,^13C3H7^15NO2,media-hilic-24,0.995259605,2237.144938,3685.334899,0,984297.7509,,,
Alanine 13C15N,^13C3H7^15NO2,media-hilic-03,0.992928422,2393.873675,4666.058805,0,771349.0522,,,
L-Glutamic acid 13C15N work,^13C5H9^15NO4,media-hilic-24,0.903464186,492.1325378,0,0,1559.331123,10883.12768,21171.82366,
L-Glutamic acid 15N,C5H9^14NO4,media-hilic-27,0,0,0,0,0,0,0,
L-Glutamic acid 13C15N work,^13C5H9^15NO4,media-hilic-10,0.877994804,1073.369753,0,0,1989.626842,16561.19921,22844.98181,
L-Glutamic acid 15N,C5H9^14NO4,media-hilic-07,0,0,0,0,0,0,0,
L-Glutamic acid,C5H9NO4,media-hilic-QC05,0.716990154,5177288.773,0,17693.34295,0,0,1.31E+07,
Glucose d7 CL,C6H6D7O6Cl,media-hilic-QC08,0.013824592,1430152.372,0,0,824.1714825,0.8696365,0,19641.55024
L-Glutamic acid,C5H9NO4,media-hilic-35,0.695941822,2831012.247,0,10000.92616,0,0,6489480.171,
Alanine,C3H7NO2,media-hilic-35,0.020066327,342370.6213,0,69.84075013,6964.718057,,,
Glucose d7 CL,C6H6D7O6Cl,media-hilic-QC09,0.014485533,1447629.448,0,0,1005.153772,0,0,20782.71594
Glucose d7 CL,C6H6D7O6Cl,media-hilic-12,0.015474736,1549865.538,0,0,882.2644449,0,0,23926.53694
L-Glutamic acid 13C15N work,^13C5H9^15NO4,media-hilic-07,0.867430118,1668.360816,0,0,787.8217516,18698.52913,22016.44646,
Alanine 13C15N,^13C3H7^15NO2,media-hilic-28,0.992945239,1734.799374,3213.389429,0,544618.1422,,,
Lactic acid C3,^13C3H6O3,media-hilic-25,0.032414547,1.46E+07,0,0,490352.3012,,,
Glucose d7 CL,C6H6D7O6Cl,media-hilic-16,0.015200456,1491085.382,0,0,751.390655,94.02513838,0,22582.92099
Glucose CL,C6H13O6Cl,media-hilic-18,0.858750703,2871495.021,0,0,0,19468.78732,0,1.75E+07
L-Glutamic acid 15N,C5H9^14NO4,media-hilic-34,0,0,0,0,0,0,0,
Lactic acid,C3H6O3,media-hilic-Blank01,0.174678429,131951.9017,256.8164667,226.3792248,27743.16174,,,
Glucose CL,C6H13O6Cl,media-hilic-29,0.828011606,4272034.377,0,0,0,246.9985891,428134.3168,2.06E+07
Alanine,C3H7NO2,media-hilic-02,0.008768279,653695.3391,0,0,5782.485878,,,
Glucose d7 CL,C6H6D7O6Cl,media-hilic-20,0.005501378,1095065.114,0,0,312.7679907,0,4951.404349,1780.568539
Glucose d7 CL,C6H6D7O6Cl,media-hilic-09,0.015525889,1303732.953,0,0,778.2357898,218.3811002,0,20033.41735
Lactic acid,C3H6O3,media-hilic-05,0.024199023,1.50E+07,36489.72419,39354.54991,335550.0545,,,
L-Glutamic acid 15N,C5H9^14NO4,media-hilic-QC04,0,0,0,0,0,0,0,
L-Glutamic acid 15N,C5H9^14NO4,media-hilic-02,0,0,0,0,0,0,0,
Glucose CL,C6H13O6Cl,media-hilic-Blank02,0.099285335,162547.8139,0,0,45.1899709,10365.73607,1087.49591,10481.57294
Lactic acid,C3H6O3,media-hilic-QC06,0.112835823,1.50E+07,103617.7987,34740.8523,1860159.87,,,
Glucose CL,C6H13O6Cl,media-hilic-14,0.84497787,3842851.342,0,0,0,14222.09699,148421.9607,2.10E+07
Lactic acid,C3H6O3,media-hilic-QC05,0.116067418,1.49E+07,108861.004,34342.49594,1907531.497,,,
L-Glutamic acid 13C15N work,^13C5H9^15NO4,media-hilic-Blank02,0.891257957,288.8330209,138.9950721,0,2092.80629,0,8856.304652,
Alanine 15N,C3H7^15NO2,media-hilic-23,0,0,0,0,0,,,
L-Glutamic acid 15N,C5H9^14NO4,media-hilic-18,0,0,0,0,0,0,0,
Glucose CL,C6H13O6Cl,media-hilic-12,0.831219625,4190172.418,0,0,0,0,446312.2014,2.06E+07
Lactic acid C3,^13C3H6O3,media-hilic-12,0.050025448,1.47E+07,0,0,776675.7354,,,
Glucose d7 CL,C6H6D7O6Cl,media-hilic-QC04,0.013701511,1516459.465,0,0,524.8715035,95.74857181,0,20744.24878
Glucose CL,C6H13O6Cl,media-hilic-33,0.827895618,4287780.079,0,0,0,2834.120098,404489.0862,2.06E+07
Alanine 13C15N,^13C3H7^15NO2,media-hilic-QC10,0.993969133,2557.034767,5207.989258,0,991929.9586,,,
Alanine 13C15N,^13C3H7^15NO2,media-hilic-01,0.992552861,2574.856981,5177.842691,0,801518.0901,,,
L-Glutamic acid 13C15N work,^13C5H9^15NO4,media-hilic-03,0.869769509,872.9381882,0,0,2374.343182,19105.90454,20984.25627,
L-Glutamic acid 13C15N work,^13C5H9^15NO4,media-hilic-13,0.865455651,1577.510467,0,0,2032.707397,21696.55119,24713.19619,
L-Glutamic acid 15N,C5H9^14NO4,media-hilic-15,0,0,0,0,0,0,0,
L-Glutamic acid 13C15N work,^13C5H9^15NO4,media-hilic-QC03,0.860996336,1515.55544,0,0,1496.110325,36062.05842,28020.99123,
L-Glutamic acid 13C15N work,^13C5H9^15NO4,media-hilic-01,0.874429578,643.9009904,100.4854361,0,2134.415031,21915.87181,22678.52629,
L-Glutamine,C5H10N2O3,media-hilic-24,0.018731668,1.95E+07,1697259.951,150127.372,1442.805858,9.528064686,203.2137203,
Glucose CL,C6H13O6Cl,media-hilic-26,0.858040895,2997085.893,0,0,0,15978.67433,96971.52796,1.82E+07
Alanine 13C15N,^13C3H7^15NO2,media-hilic-QC04,0.994312971,2758.201063,6479.689981,0,1235347.762,,,
Alanine,C3H7NO2,media-hilic-QC09,0.020861619,494911.3975,0,0,10544.63125,,,
Glucose d7 CL,C6H6D7O6Cl,media-hilic-03,0.005111071,1143365.344,0,0,1033.145875,0,4570.294353,1555.259076
L-Glutamic acid 15N,C5H9^14NO4,media-hilic-QC07,0,0,0,0,0,0,0,
Alanine 13C15N,^13C3H7^15NO2,media-hilic-16,0.994865188,2760.896817,4346.011322,0,1094829.782,,,
L-Glutamic acid 15N,C5H9^14NO4,media-hilic-QC03,0,0,0,0,0,0,0,
L-Glutamic acid,C5H9NO4,media-hilic-Blank02,0.975368494,96041.93216,0,2237.13869,0,0,3855365.252,
Alanine 15N,C3H7^15NO2,media-hilic-05,0,0,0,0,0,,,
Lactic acid C3,^13C3H6O3,media-hilic-10,0.054359717,1.46E+07,0,0,841839.0608,,,
L-Glutamic acid 15N,C5H9^14NO4,media-hilic-20,0,0,0,0,0,0,0,
L-Glutamine,C5H10N2O3,media-hilic-32,0.023104575,2.01E+07,2255094.016,172423.557,212.4227055,205.1063935,134.334539,
Alanine 13C15N,^13C3H7^15NO2,media-hilic-02,0.994287198,2754.01598,4033.521137,0,945990.0351,,,
Glucose CL,C6H13O6Cl,media-hilic-06,0.838647649,3950217.597,0,0,0,785.3668539,388380.828,2.05E+07
L-Glutamine,C5H10N2O3,media-hilic-Blank03,0.08105455,40478.90989,255.8122738,8368.633144,331.5883907,273.961472,231.12906,
Glucose CL,C6H13O6Cl,media-hilic-QC04,0.666081282,1.03E+07,0,0,0,9688.332582,196126.7541,2.05E+07
Alanine 13C15N,^13C3H7^15NO2,media-hilic-QC07,0.995628964,2298.786965,4054.620407,0,1137967.447,,,
Glucose d7 CL,C6H6D7O6Cl,media-hilic-Blank02,0.002487432,4204547.165,0,0,0,0,9888.889133,2247.974591
L-Glutamine,C5H10N2O3,media-hilic-QC10,0.019682261,1.99E+07,1833625.5,157476.9246,1344.473902,61.79351082,174.2254214,
L-Glutamic acid 13C15N work,^13C5H9^15NO4,media-hilic-Blank01,0.865968996,568.7683636,77.04317738,0,2616.031419,0,9248.810718,
Alanine,C3H7NO2,media-hilic-03,0.008748374,543934.3943,0,0,4800.538449,,,
Alanine,C3H7NO2,media-hilic-24,0.01563318,401656.3066,0,0,6378.887585,,,
Lactic acid C3,^13C3H6O3,media-hilic-Blank01,0.173756089,131805.1562,0,0,27718.14496,,,
L-Glutamic acid,C5H9NO4,media-hilic-25,0.739236502,3729505.635,0,11597.90815,0,0,1.06E+07,
L-Glutamic acid,C5H9NO4,media-hilic-QC09,0.713188423,4511593.958,0,15413.0001,0,0,1.12E+07,
Alanine 15N,C3H7^15NO2,media-hilic-QC07,0,0,0,0,0,,,
L-Glutamine,C5H10N2O3,media-hilic-15,0.018710686,2.00E+07,1738951.88,150188.2335,2098.514609,83.36454002,151.1796312,
Alanine 15N,C3H7^15NO2,media-hilic-21,0,0,0,0,0,,,
Glucose d7 CL,C6H6D7O6Cl,media-hilic-QC06,0.013514667,1560561.26,0,0,701.0454019,231.3961709,0,20880.47268
Alanine 15N,C3H7^15NO2,media-hilic-QC06,0,0,0,0,0,,,
Alanine 15N,C3H7^15NO2,media-hilic-QC08,0,0,0,0,0,,,
Lactic acid C3,^13C3H6O3,media-hilic-Blank02,0.287255989,147707.5489,173.0006249,0,59519.13443,,,
Lactic acid,C3H6O3,media-hilic-QC07,0.109127457,1.50E+07,68934.37029,36225.09331,1795432.071,,,
Lactic acid C3,^13C3H6O3,media-hilic-08,0.026072251,1.27E+07,0,0,341250.3562,,,
Alanine 13C15N,^13C3H7^15NO2,media-hilic-36,0.994173469,2164.931635,3538.838315,0,770771.4337,,,
L-Glutamic acid,C5H9NO4,media-hilic-Blank01,0.989601897,40068.28503,607.4113826,1015.98834,0,0,3917088.685,
Alanine,C3H7NO2,media-hilic-QC07,0.019737547,562834.1329,0,0,11332.64351,,,
Lactic acid,C3H6O3,media-hilic-10,0.056480843,1.47E+07,4323.879931,52714.36398,842281.8165,,,
L-Glutamine,C5H10N2O3,media-hilic-QC07,0.023004708,1.98E+07,2208061.299,171490.433,182.8723923,56.12716771,213.3845528,
Alanine 15N,C3H7^15NO2,media-hilic-34,0,0,0,0,0,,,
Glucose d7 CL,C6H6D7O6Cl,media-hilic-QC02,0.013768321,1559717.365,0,0,1532.375562,120.6688119,0,20939.11121
Lactic acid,C3H6O3,media-hilic-29,0.060594396,1.50E+07,16906.77749,50737.82592,931472.914,,,
Alanine,C3H7NO2,media-hilic-25,0.018316317,380506.5315,0,47.83189857,7067.924792,,,
Alanine 15N,C3H7^15NO2,media-hilic-QC04,0,0,0,0,0,,,
L-Glutamic acid 15N,C5H9^14NO4,media-hilic-03,0,0,0,0,0,0,0,
L-Glutamic acid 15N,C5H9^14NO4,media-hilic-QC09,0,0,0,0,0,0,0,
Alanine 13C15N,^13C3H7^15NO2,media-hilic-29,0.994587667,2349.192526,5701.652638,0,1128297.316,,,
Lactic acid C3,^13C3H6O3,media-hilic-QC09,0.100216596,1.54E+07,0,0,1709978.121,,,
Alanine 15N,C3H7^15NO2,media-hilic-QC03,0,0,0,0,0,,,
Glucose CL,C6H13O6Cl,media-hilic-QC08,0.675269996,9739860.742,0,0,0,15305.21513,7344.543172,2.03E+07
Glucose d7 CL,C6H6D7O6Cl,media-hilic-QC01,0.012778386,1614046.175,0,0,1138.740775,118.5891871,0,20251.32151
Alanine,C3H7NO2,media-hilic-12,0.023327939,420456.442,0,0,10042.65667,,,
Alanine,C3H7NO2,media-hilic-31,0.013482033,476426.1028,0,149.0759966,6412.26873,,,
L-Glutamic acid 15N,C5H9^14NO4,media-hilic-09,0,0,0,0,0,0,0,
Glucose CL,C6H13O6Cl,media-hilic-16,0.846988095,3827820.417,0,0,0,11952.24835,183118.6599,2.12E+07
Alanine,C3H7NO2,media-hilic-27,0.023776701,156785.8694,98.34113454,188.2348992,3663.500274,,,
L-Glutamic acid 13C15N work,^13C5H9^15NO4,media-hilic-05,0.864106817,1822.515734,0,0,680.6381363,23826.19853,24151.55133,
L-Glutamine,C5H10N2O3,media-hilic-17,0.006201879,1.53E+07,333856.4558,72337.08144,2371.845027,406.0773244,239.7411301,
Lactic acid,C3H6O3,media-hilic-QC09,0.101757449,1.54E+07,29469.40705,35238.77765,1711421.543,,,
Glucose CL,C6H13O6Cl,media-hilic-35,0.863847495,2820257.71,0,0,0,21312.52664,0,1.79E+07
Glucose CL,C6H13O6Cl,media-hilic-11,0.838812376,3835939.316,0,0,0,10335.41654,224145.4328,2.00E+07
Glucose CL,C6H13O6Cl,media-hilic-23,0.843627305,3853581.392,0,0,0,8681.047389,247350.4749,2.08E+07
Alanine,C3H7NO2,media-hilic-30,0.016594749,427115.7018,0,0,7207.484439,,,
L-Glutamine,C5H10N2O3,media-hilic-08,0.01273674,1.97E+07,1077834.38,123178.1014,2795.386998,89.4966164,198.2200978,
L-Glutamic acid,C5H9NO4,media-hilic-24,0.722723682,3544149.221,0,10898.66877,0,0,9250547.79,
Glucose CL,C6H13O6Cl,media-hilic-QC05,0.646432204,1.07E+07,0,0,0,10378.30467,187806.9714,1.95E+07
L-Glutamic acid,C5H9NO4,media-hilic-17,0.720160377,1035708.251,0,12878.73015,0,0,2680104.036,
Lactic acid C3,^13C3H6O3,media-hilic-35,0.272920027,1.24E+07,0,0,4665557.289,,,
Lactic acid C3,^13C3H6O3,media-hilic-26,0.025953334,1.00E+07,0,0,266912.3431,,,
Lactic acid,C3H6O3,media-hilic-09,0.029615503,1.47E+07,29112.8612,3531.407866,437922.6591,,,
Glucose d7 CL,C6H6D7O6Cl,media-hilic-01,0.005606083,1203898.734,0,0,0,0,5863.184617,1906.72727
L-Glutamic acid 13C15N work,^13C5H9^15NO4,media-hilic-15,0.884185934,1033.912251,0,0,0,20594.03383,22863.35955,
Lactic acid C3,^13C3H6O3,media-hilic-20,0.014451109,1.41E+07,0,0,206218.5588,,,
Glucose d7 CL,C6H6D7O6Cl,media-hilic-35,0.014141836,1000547.581,0,0,461.817021,0,505.6280953,13704.80687
L-Glutamine,C5H10N2O3,media-hilic-QC05,0.022293047,2.03E+07,2169618.149,176779.2439,188.8783482,28.0787211,159.2566244,
L-Glutamic acid 13C15N work,^13C5H9^15NO4,media-hilic-33,0.869581301,1402.95388,0,0,686.6094614,25653.52962,24460.33845,
Glucose CL,C6H13O6Cl,media-hilic-28,0.860248746,2753538.637,0,0,0,20116.5947,0,1.70E+07
L-Glutamic acid 15N,C5H9^14NO4,media-hilic-04,0,0,0,0,0,0,0,
Alanine 13C15N,^13C3H7^15NO2,media-hilic-QC06,0.994952329,2476.374384,5130.229094,0,1160561.324,,,
Glucose CL,C6H13O6Cl,media-hilic-24,0.854694644,3466672.731,0,0,0,13851.41883,161372.0624,2.04E+07
Lactic acid C3,^13C3H6O3,media-hilic-16,0.272180731,1.53E+07,0,0,5725503.958,,,
Lactic acid,C3H6O3,media-hilic-QC02,0.107689277,1.56E+07,52729.49044,38930.14729,1843744.323,,,
L-Glutamine,C5H10N2O3,media-hilic-QC04,0.020211398,2.05E+07,1935826.735,172645.5434,885.8283547,263.9840697,177.5851719,
Glucose d7 CL,C6H6D7O6Cl,media-hilic-QC07,0.014127621,1633338.882,0,0,248.6001091,0,56.76762319,23236.17219
Lactic acid C3,^13C3H6O3,media-hilic-QC08,0.107069886,1.49E+07,0,0,1785262.111,,,
Alanine,C3H7NO2,media-hilic-08,0.023349656,266672.3224,147.6432487,219.6182003,6184.051301,,,
Lactic acid C3,^13C3H6O3,media-hilic-QC02,0.105784266,1.56E+07,0,0,1842224.709,,,
Alanine 15N,C3H7^15NO2,media-hilic-20,0,0,0,0,0,,,
L-Glutamic acid 15N,C5H9^14NO4,media-hilic-11,0,0,0,0,0,0,0,
Lactic acid C3,^13C3H6O3,media-hilic-13,0.105224185,1.60E+07,0,0,1883045.909,,,
Alanine 15N,C3H7^15NO2,media-hilic-QC02,0,0,0,0,0,,,
Alanine,C3H7NO2,media-hilic-20,0.009661715,480553.8258,0,0,4688.27086,,,
L-Glutamic acid 15N,C5H9^14NO4,media-hilic-23,0,0,0,0,0,0,0,
Lactic acid,C3H6O3,media-hilic-21,0.017430113,1.50E+07,50680.70212,0,249981.6833,,,
Alanine,C3H7NO2,media-hilic-11,0.022473004,407528.9663,0,0,9368.948704,,,
L-Glutamic acid 13C15N work,^13C5H9^15NO4,media-hilic-22,0.887427048,702.4783037,0,0,1189.022753,15885.40092,20910.6115,
Alanine 15N,C3H7^15NO2,media-hilic-36,0,0,0,0,0,,,
Glucose d7 CL,C6H6D7O6Cl,media-hilic-28,0.015568857,841840.3729,0,0,860.06569,49.56864091,225.2090273,12670.67612
Alanine,C3H7NO2,media-hilic-29,0.015311482,459322.7332,0,8.463799169,7136.671923,,,
L-Glutamine,C5H10N2O3,media-hilic-30,0.017096405,2.04E+07,1583079.832,149778.8428,1576.617231,55.42179146,156.5378709,
Glucose CL,C6H13O6Cl,media-hilic-31,0.85049406,3535747.855,0,0,0,19813.98273,71938.55326,2.01E+07
L-Glutamic acid,C5H9NO4,media-hilic-31,0.677518737,3924717.055,0,12099.47787,0,0,8256067.813,
Alanine,C3H7NO2,media-hilic-Blank03,0.403820721,6841.285078,627.6821189,240.8687235,4601.946215,,,
Alanine 15N,C3H7^15NO2,media-hilic-32,0,0,0,0,0,,,
Glucose d7 CL,C6H6D7O6Cl,media-hilic-QC05,0.012587323,1634778.205,0,0,351.1819782,0,434.403689,20305.36624
Alanine 13C15N,^13C3H7^15NO2,media-hilic-20,0.9925276,2427.17374,4339.280548,0,705190.544,,,
Alanine 13C15N,^13C3H7^15NO2,media-hilic-QC02,0.995212587,2553.333374,5186.399963,0,1247830.501,,,
L-Glutamic acid 13C15N work,^13C5H9^15NO4,media-hilic-29,0.867348685,1432.245295,0,0,1019.363326,24311.84448,23762.6913,
Glucose d7 CL,C6H6D7O6Cl,media-hilic-24,0.014960239,1236629.904,0,0,828.2345413,66.29946309,0,18329.55877
Lactic acid,C3H6O3,media-hilic-31,0.106152239,1.58E+07,53131.67547,31258.92529,1847903.646,,,
L-Glutamic acid 13C15N work,^13C5H9^15NO4,media-hilic-06,0.866063799,1533.430733,0,0,1606.86122,22532.33809,24221.594,
L-Glutamic acid 15N,C5H9^14NO4,media-hilic-35,0,0,0,0,0,0,0,
Glucose d7 CL,C6H6D7O6Cl,media-hilic-22,0.015260533,1266105.948,0,0,443.0848919,228.1290167,0,19251.85948
Glucose CL,C6H13O6Cl,media-hilic-QC01,0.65838913,1.06E+07,0,0,0,11553.5466,143633.2425,2.04E+07
L-Glutamic acid 13C15N work,^13C5H9^15NO4,media-hilic-QC06,0.865700825,1273.099855,0,0,1026.781661,35702.27799,27703.88891,
Alanine 15N,C3H7^15NO2,media-hilic-26,0,0,0,0,0,,,
Lactic acid,C3H6O3,media-hilic-20,0.014471145,1.41E+07,0,0,206508.7191,,,
L-Glutamic acid 15N,C5H9^14NO4,media-hilic-31,0,0,0,0,0,0,0,
Glucose d7 CL,C6H6D7O6Cl,media-hilic-QC10,0.014675372,1306005.478,0,0,1124.03337,0,0,18897.92885
L-Glutamic acid 13C15N work,^13C5H9^15NO4,media-hilic-04,0.86157983,1659.733724,72.99333771,0,2025.181061,19730.7126,23284.50004,
Alanine 13C15N,^13C3H7^15NO2,media-hilic-21,0.992997104,2862.623851,5059.800018,0,882541.2081,,,
Alanine,C3H7NO2,media-hilic-22,0.014717225,411406.0311,0,0,6145.195534,,,
Alanine 15N,C3H7^15NO2,media-hilic-03,0,0,0,0,0,,,
Glucose d7 CL,C6H6D7O6Cl,media-hilic-04,0.01731718,1333142.365,0,0,1112.793868,56.78797785,0,22908.98379
L-Glutamic acid,C5H9NO4,media-hilic-19,0.711461059,1844913.508,0,6110.449742,0,0,4555666.83,
Lactic acid,C3H6O3,media-hilic-Blank03,0.210621784,171394.0587,546.5378193,407.9837452,45410.67416,,,
L-Glutamic acid 13C15N work,^13C5H9^15NO4,media-hilic-QC01,0.857244791,1507.570141,0,0,1430.175811,37154.51317,26529.07943,
Alanine 13C15N,^13C3H7^15NO2,media-hilic-23,0.994974803,2212.586974,5012.570286,0,1098064.834,,,
Lactic acid C3,^13C3H6O3,media-hilic-17,0.234345047,8072364.846,0,0,2470719.627,,,
Alanine,C3H7NO2,media-hilic-QC04,0.021024019,566025.5126,0,0,12155.69269,,,
Lactic acid C3,^13C3H6O3,media-hilic-QC10,0.095087221,1.54E+07,0,0,1618522.223,,,
L-Glutamine,C5H10N2O3,media-hilic-22,0.019017088,1.95E+07,1718857.242,152465.5566,1184.381923,0,199.9639495,
Lactic acid,C3H6O3,media-hilic-11,0.051765527,1.44E+07,7307.991736,49610.11695,752513.194,,,
Glucose CL,C6H13O6Cl,media-hilic-19,0.001063552,2.05E+07,0,0,0,23216.03128,1294.55519,5279.556277
Alanine 15N,C3H7^15NO2,media-hilic-24,0,0,0,0,0,,,
L-Glutamic acid,C5H9NO4,media-hilic-03,0.744719834,3508324.671,0,10697.66849,0,0,1.02E+07,
Lactic acid,C3H6O3,media-hilic-19,0.011579488,1.12E+07,0,0,131438.9861,,,
L-Glutamine,C5H10N2O3,media-hilic-16,0.01779801,2.04E+07,1657120.052,154526.1231,2686.099683,877.4585068,309.6729406,
L-Glutamic acid 13C15N work,^13C5H9^15NO4,media-hilic-18,0.911117407,699.8020716,0,0,1622.70359,0,12853.50867,
L-Glutamic acid,C5H9NO4,media-hilic-QC04,0.725016018,5029613.453,0,18854.90257,0,0,1.33E+07,
L-Glutamic acid 15N,C5H9^14NO4,media-hilic-QC08,0,0,0,0,0,0,0,
L-Glutamine,C5H10N2O3,media-hilic-10,0.018233556,2.02E+07,1691218.205,156649.9756,1270.637964,22.39108225,245.4941189,
Glucose d7 CL,C6H6D7O6Cl,media-hilic-11,0.014050877,1347982.736,0,0,1473.687976,124.5999685,0,18401.44324
Alanine 15N,C3H7^15NO2,media-hilic-27,0,0,0,0,0,,,
Alanine 15N,C3H7^15NO2,media-hilic-01,0,0,0,0,0,,,
L-Glutamic acid 15N,C5H9^14NO4,media-hilic-36,0,0,0,0,0,0,0,
Lactic acid,C3H6O3,media-hilic-04,0.023059623,1.47E+07,47144.57447,13801.94398,323925.9027,,,
Lactic acid,C3H6O3,media-hilic-18,0.26708122,1.04E+07,7562.277245,0,3789602.179,,,
Lactic acid,C3H6O3,media-hilic-07,0.031414321,1.51E+07,16977.72635,14724.05469,474802.9146,,,
Glucose d7 CL,C6H6D7O6Cl,media-hilic-23,0.015212019,1369005.7,0,0,1176.308726,5.108454841,0,20564.5811
L-Glutamic acid 15N,C5H9^14NO4,media-hilic-12,0,0,0,0,0,0,0,
L-Glutamic acid,C5H9NO4,media-hilic-22,0.716501277,3787517.457,0,11461.37727,0,0,9585188.266,
Alanine 15N,C3H7^15NO2,media-hilic-QC05,0,0,0,0,0,,,
L-Glutamic acid 13C15N work,^13C5H9^15NO4,media-hilic-32,0.862229591,1377.131823,0,0,2431.437484,21507.27397,22961.29874,
L-Glutamic acid 13C15N work,^13C5H9^15NO4,media-hilic-23,0.869144305,1572.703722,7.340730091,0,454.3674963,23174.35595,23663.34651,
