experiment_id,met_id,ms_id,measurement_replicate,labelled_atom_ids,unlabelled_atoms,mass_isotope,intensity,intensity_std_error,time
exp1,ADP,ADP,1,"[1,2,3,4,5,6,7,8,9,10]",,0,277896.5816,24417.3537,0
exp1,ADP,ADP,1,"[1,2,3,4,5,6,7,8,9,10]",,1,1857.704706,157.8002904,0
exp1,ADP,ADP,1,"[1,2,3,4,5,6,7,8,9,10]",,2,64.812364,64.812364,0
exp1,ADP,ADP,1,"[1,2,3,4,5,6,7,8,9,10]",,3,0,0.02,0
exp1,ADP,ADP,1,"[1,2,3,4,5,6,7,8,9,10]",,4,0,0.02,0
exp1,ADP,ADP,1,"[1,2,3,4,5,6,7,8,9,10]",,5,190.5249415,69.69353179,0
exp1,ADP,ADP,1,"[1,2,3,4,5,6,7,8,9,10]",,6,12.7617726,6.796912149,0
exp1,ADP,ADP,1,"[1,2,3,4,5,6,7,8,9,10]",,7,108.899086,56.02972167,0
exp1,ADP,ADP,1,"[1,2,3,4,5,6,7,8,9,10]",,8,64.33309458,25.57678885,0
exp1,ADP,ADP,1,"[1,2,3,4,5,6,7,8,9,10]",,9,28.55224923,18.02372953,0
exp1,ADP,ADP,1,"[1,2,3,4,5,6,7,8,9,10]",,10,6.6081066,3.371511904,0
exp1,ADP,ADP,1,"[1,2,3,4,5,6,7,8,9,10]",,0,245699.7588,18487.90066,15
exp1,ADP,ADP,1,"[1,2,3,4,5,6,7,8,9,10]",,1,830.276715,247.1006625,15
exp1,ADP,ADP,1,"[1,2,3,4,5,6,7,8,9,10]",,2,1004.251241,325.5771857,15
exp1,ADP,ADP,1,"[1,2,3,4,5,6,7,8,9,10]",,3,1057.67391,157.8690631,15
exp1,ADP,ADP,1,"[1,2,3,4,5,6,7,8,9,10]",,4,444.6620334,27.245788,15
exp1,ADP,ADP,1,"[1,2,3,4,5,6,7,8,9,10]",,5,7629.748311,650.5271139,15
exp1,ADP,ADP,1,"[1,2,3,4,5,6,7,8,9,10]",,6,3.988095817,3.988095817,15
exp1,ADP,ADP,1,"[1,2,3,4,5,6,7,8,9,10]",,7,18.53507236,18.53507236,15
exp1,ADP,ADP,1,"[1,2,3,4,5,6,7,8,9,10]",,8,58.49391477,21.57570553,15
exp1,ADP,ADP,1,"[1,2,3,4,5,6,7,8,9,10]",,9,47.25592598,8.878112105,15
exp1,ADP,ADP,1,"[1,2,3,4,5,6,7,8,9,10]",,10,23.05289972,2.687637729,15
exp1,ADP,ADP,1,"[1,2,3,4,5,6,7,8,9,10]",,0,256233.6969,26725.71088,30
exp1,ADP,ADP,1,"[1,2,3,4,5,6,7,8,9,10]",,1,1116.398663,510.6823907,30
exp1,ADP,ADP,1,"[1,2,3,4,5,6,7,8,9,10]",,2,1901.640598,221.6786795,30
exp1,ADP,ADP,1,"[1,2,3,4,5,6,7,8,9,10]",,3,2014.945088,262.6079241,30
exp1,ADP,ADP,1,"[1,2,3,4,5,6,7,8,9,10]",,4,516.0370742,12.14072709,30
exp1,ADP,ADP,1,"[1,2,3,4,5,6,7,8,9,10]",,5,14319.79606,1205.796349,30
exp1,ADP,ADP,1,"[1,2,3,4,5,6,7,8,9,10]",,6,0,0.02,30
exp1,ADP,ADP,1,"[1,2,3,4,5,6,7,8,9,10]",,7,15.68746969,15.68746969,30
exp1,ADP,ADP,1,"[1,2,3,4,5,6,7,8,9,10]",,8,27.99839116,8.918516849,30
exp1,ADP,ADP,1,"[1,2,3,4,5,6,7,8,9,10]",,9,27.99382247,13.93544738,30
exp1,ADP,ADP,1,"[1,2,3,4,5,6,7,8,9,10]",,10,19.56372204,9.850557004,30
exp1,ADP,ADP,1,"[1,2,3,4,5,6,7,8,9,10]",,0,234835.41,13123.82438,60
exp1,ADP,ADP,1,"[1,2,3,4,5,6,7,8,9,10]",,1,1239.515317,709.6103738,60
exp1,ADP,ADP,1,"[1,2,3,4,5,6,7,8,9,10]",,2,2894.157309,143.7751,60
exp1,ADP,ADP,1,"[1,2,3,4,5,6,7,8,9,10]",,3,2853.544693,221.6511781,60
exp1,ADP,ADP,1,"[1,2,3,4,5,6,7,8,9,10]",,4,1011.695996,50.20828285,60
exp1,ADP,ADP,1,"[1,2,3,4,5,6,7,8,9,10]",,5,25341.45898,653.3514105,60
exp1,ADP,ADP,1,"[1,2,3,4,5,6,7,8,9,10]",,6,0,0.02,60
exp1,ADP,ADP,1,"[1,2,3,4,5,6,7,8,9,10]",,7,0,0.02,60
exp1,ADP,ADP,1,"[1,2,3,4,5,6,7,8,9,10]",,8,9.581733659,7.896019618,60
exp1,ADP,ADP,1,"[1,2,3,4,5,6,7,8,9,10]",,9,5.952258448,3.052891921,60
exp1,ADP,ADP,1,"[1,2,3,4,5,6,7,8,9,10]",,10,15.66044343,6.921247284,60
exp1,ADP,ADP,1,"[1,2,3,4,5,6,7,8,9,10]",,0,163603.7878,15241.51784,240
exp1,ADP,ADP,1,"[1,2,3,4,5,6,7,8,9,10]",,1,883.2132071,260.4761232,240
exp1,ADP,ADP,1,"[1,2,3,4,5,6,7,8,9,10]",,2,9083.431738,835.4567663,240
exp1,ADP,ADP,1,"[1,2,3,4,5,6,7,8,9,10]",,3,8600.929998,498.4055864,240
exp1,ADP,ADP,1,"[1,2,3,4,5,6,7,8,9,10]",,4,4716.053871,322.1036076,240
exp1,ADP,ADP,1,"[1,2,3,4,5,6,7,8,9,10]",,5,91927.25829,3831.45191,240
exp1,ADP,ADP,1,"[1,2,3,4,5,6,7,8,9,10]",,6,151.7567095,48.21678058,240
exp1,ADP,ADP,1,"[1,2,3,4,5,6,7,8,9,10]",,7,61.89878469,61.14453869,240
exp1,ADP,ADP,1,"[1,2,3,4,5,6,7,8,9,10]",,8,22.76172794,22.76172794,240
exp1,ADP,ADP,1,"[1,2,3,4,5,6,7,8,9,10]",,9,23.9156271,11.95804907,240
exp1,ADP,ADP,1,"[1,2,3,4,5,6,7,8,9,10]",,10,21.60783195,8.857275432,240
exp1,ADP,ADP,1,"[1,2,3,4,5,6,7,8,9,10]",,0,91615.5981,2364.047509,720
exp1,ADP,ADP,1,"[1,2,3,4,5,6,7,8,9,10]",,1,2348.948238,534.20502,720
exp1,ADP,ADP,1,"[1,2,3,4,5,6,7,8,9,10]",,2,17970.19188,375.3950058,720
exp1,ADP,ADP,1,"[1,2,3,4,5,6,7,8,9,10]",,3,16484.28373,247.6154237,720
exp1,ADP,ADP,1,"[1,2,3,4,5,6,7,8,9,10]",,4,12622.31564,642.519037,720
exp1,ADP,ADP,1,"[1,2,3,4,5,6,7,8,9,10]",,5,186946.9586,3217.537585,720
exp1,ADP,ADP,1,"[1,2,3,4,5,6,7,8,9,10]",,6,6883.589277,590.0392854,720
exp1,ADP,ADP,1,"[1,2,3,4,5,6,7,8,9,10]",,7,1867.532084,124.1801708,720
exp1,ADP,ADP,1,"[1,2,3,4,5,6,7,8,9,10]",,8,24.71757154,24.71757154,720
exp1,ADP,ADP,1,"[1,2,3,4,5,6,7,8,9,10]",,9,18.83230884,17.67152062,720
exp1,ADP,ADP,1,"[1,2,3,4,5,6,7,8,9,10]",,10,8.908218416,3.203379465,720
exp1,ADP,ADP,1,"[1,2,3,4,5,6,7,8,9,10]",,0,37165.96243,2931.129296,1440
exp1,ADP,ADP,1,"[1,2,3,4,5,6,7,8,9,10]",,1,2426.395007,176.716662,1440
exp1,ADP,ADP,1,"[1,2,3,4,5,6,7,8,9,10]",,2,16844.53912,964.841281,1440
exp1,ADP,ADP,1,"[1,2,3,4,5,6,7,8,9,10]",,3,16053.09228,947.0610391,1440
exp1,ADP,ADP,1,"[1,2,3,4,5,6,7,8,9,10]",,4,12596.65778,803.9519581,1440
exp1,ADP,ADP,1,"[1,2,3,4,5,6,7,8,9,10]",,5,203878.1233,9755.368347,1440
exp1,ADP,ADP,1,"[1,2,3,4,5,6,7,8,9,10]",,6,16957.34522,252.6874286,1440
exp1,ADP,ADP,1,"[1,2,3,4,5,6,7,8,9,10]",,7,4156.901872,485.2183374,1440
exp1,ADP,ADP,1,"[1,2,3,4,5,6,7,8,9,10]",,8,262.8986671,134.1469444,1440
exp1,ADP,ADP,1,"[1,2,3,4,5,6,7,8,9,10]",,9,0,0.02,1440
exp1,ADP,ADP,1,"[1,2,3,4,5,6,7,8,9,10]",,10,6.709718699,4.484591826,1440
exp1,ATP,ATP,1,"[1,2,3,4,5,6,7,8,9,10]",,0,10583.34139,2548.172343,0
exp1,ATP,ATP,1,"[1,2,3,4,5,6,7,8,9,10]",,1,33.13308317,28.14260588,0
exp1,ATP,ATP,1,"[1,2,3,4,5,6,7,8,9,10]",,2,123.8888383,20.04766202,0
exp1,ATP,ATP,1,"[1,2,3,4,5,6,7,8,9,10]",,3,18.95047273,4.77091025,0
exp1,ATP,ATP,1,"[1,2,3,4,5,6,7,8,9,10]",,4,1515.88139,168.527887,0
exp1,ATP,ATP,1,"[1,2,3,4,5,6,7,8,9,10]",,5,122.4841635,82.11199496,0
exp1,ATP,ATP,1,"[1,2,3,4,5,6,7,8,9,10]",,6,188.4653878,48.37361325,0
exp1,ATP,ATP,1,"[1,2,3,4,5,6,7,8,9,10]",,7,133.6024847,61.10614373,0
exp1,ATP,ATP,1,"[1,2,3,4,5,6,7,8,9,10]",,8,301.6686715,105.8534544,0
exp1,ATP,ATP,1,"[1,2,3,4,5,6,7,8,9,10]",,9,95.15201722,31.61449158,0
exp1,ATP,ATP,1,"[1,2,3,4,5,6,7,8,9,10]",,10,73.05471954,16.29224786,0
exp1,ATP,ATP,1,"[1,2,3,4,5,6,7,8,9,10]",,0,11660.44635,2310.108513,15
exp1,ATP,ATP,1,"[1,2,3,4,5,6,7,8,9,10]",,1,55.35890628,38.98529901,15
exp1,ATP,ATP,1,"[1,2,3,4,5,6,7,8,9,10]",,2,190.9973545,26.32870903,15
exp1,ATP,ATP,1,"[1,2,3,4,5,6,7,8,9,10]",,3,52.88408082,19.56192214,15
exp1,ATP,ATP,1,"[1,2,3,4,5,6,7,8,9,10]",,4,1147.134356,76.55896829,15
exp1,ATP,ATP,1,"[1,2,3,4,5,6,7,8,9,10]",,5,606.9604714,162.0311642,15
exp1,ATP,ATP,1,"[1,2,3,4,5,6,7,8,9,10]",,6,177.9968657,43.64340397,15
exp1,ATP,ATP,1,"[1,2,3,4,5,6,7,8,9,10]",,7,80.47095618,19.74270367,15
exp1,ATP,ATP,1,"[1,2,3,4,5,6,7,8,9,10]",,8,67.4324153,17.08740465,15
exp1,ATP,ATP,1,"[1,2,3,4,5,6,7,8,9,10]",,9,94.24985145,21.18996827,15
exp1,ATP,ATP,1,"[1,2,3,4,5,6,7,8,9,10]",,10,80.03284066,8.837886143,15
exp1,ATP,ATP,1,"[1,2,3,4,5,6,7,8,9,10]",,0,13678.30369,3445.388832,30
exp1,ATP,ATP,1,"[1,2,3,4,5,6,7,8,9,10]",,1,79.62824264,63.92268219,30
exp1,ATP,ATP,1,"[1,2,3,4,5,6,7,8,9,10]",,2,376.5044511,76.81982289,30
exp1,ATP,ATP,1,"[1,2,3,4,5,6,7,8,9,10]",,3,122.1085833,61.2002332,30
exp1,ATP,ATP,1,"[1,2,3,4,5,6,7,8,9,10]",,4,1318.473113,85.76766783,30
exp1,ATP,ATP,1,"[1,2,3,4,5,6,7,8,9,10]",,5,904.5391153,215.8545613,30
exp1,ATP,ATP,1,"[1,2,3,4,5,6,7,8,9,10]",,6,170.5878254,32.9662986,30
exp1,ATP,ATP,1,"[1,2,3,4,5,6,7,8,9,10]",,7,62.28422191,31.22601761,30
exp1,ATP,ATP,1,"[1,2,3,4,5,6,7,8,9,10]",,8,56.30050268,15.93943007,30
exp1,ATP,ATP,1,"[1,2,3,4,5,6,7,8,9,10]",,9,136.3990121,7.948262281,30
exp1,ATP,ATP,1,"[1,2,3,4,5,6,7,8,9,10]",,10,64.29976217,32.77071264,30
exp1,ATP,ATP,1,"[1,2,3,4,5,6,7,8,9,10]",,0,8420.912445,1301.745298,60
exp1,ATP,ATP,1,"[1,2,3,4,5,6,7,8,9,10]",,1,140.2853032,81.13851911,60
exp1,ATP,ATP,1,"[1,2,3,4,5,6,7,8,9,10]",,2,186.1062618,32.31233538,60
exp1,ATP,ATP,1,"[1,2,3,4,5,6,7,8,9,10]",,3,69.14825151,34.02482076,60
exp1,ATP,ATP,1,"[1,2,3,4,5,6,7,8,9,10]",,4,980.3094182,60.64580108,60
exp1,ATP,ATP,1,"[1,2,3,4,5,6,7,8,9,10]",,5,1059.512082,234.6777424,60
exp1,ATP,ATP,1,"[1,2,3,4,5,6,7,8,9,10]",,6,106.9066159,20.31491586,60
exp1,ATP,ATP,1,"[1,2,3,4,5,6,7,8,9,10]",,7,71.75759095,22.0916451,60
exp1,ATP,ATP,1,"[1,2,3,4,5,6,7,8,9,10]",,8,90.97804114,32.50176478,60
exp1,ATP,ATP,1,"[1,2,3,4,5,6,7,8,9,10]",,9,161.6259343,14.14624197,60
exp1,ATP,ATP,1,"[1,2,3,4,5,6,7,8,9,10]",,10,68.31487895,10.42453612,60
exp1,ATP,ATP,1,"[1,2,3,4,5,6,7,8,9,10]",,0,7084.071069,1236.065982,240
exp1,ATP,ATP,1,"[1,2,3,4,5,6,7,8,9,10]",,1,293.2716596,59.68148493,240
exp1,ATP,ATP,1,"[1,2,3,4,5,6,7,8,9,10]",,2,474.1077988,150.1698147,240
exp1,ATP,ATP,1,"[1,2,3,4,5,6,7,8,9,10]",,3,372.1875782,40.33189494,240
exp1,ATP,ATP,1,"[1,2,3,4,5,6,7,8,9,10]",,4,1033.042641,26.99933741,240
exp1,ATP,ATP,1,"[1,2,3,4,5,6,7,8,9,10]",,5,3780.851505,823.6588896,240
exp1,ATP,ATP,1,"[1,2,3,4,5,6,7,8,9,10]",,6,93.41577308,20.48931161,240
exp1,ATP,ATP,1,"[1,2,3,4,5,6,7,8,9,10]",,7,177.3867117,31.38650376,240
exp1,ATP,ATP,1,"[1,2,3,4,5,6,7,8,9,10]",,8,36.69066582,0.549671883,240
exp1,ATP,ATP,1,"[1,2,3,4,5,6,7,8,9,10]",,9,544.157422,99.24879117,240
exp1,ATP,ATP,1,"[1,2,3,4,5,6,7,8,9,10]",,10,52.3866904,19.13004747,240
exp1,ATP,ATP,1,"[1,2,3,4,5,6,7,8,9,10]",,0,4897.199923,387.203671,720
exp1,ATP,ATP,1,"[1,2,3,4,5,6,7,8,9,10]",,1,253.0006649,104.4655314,720
exp1,ATP,ATP,1,"[1,2,3,4,5,6,7,8,9,10]",,2,965.211533,73.83258114,720
exp1,ATP,ATP,1,"[1,2,3,4,5,6,7,8,9,10]",,3,890.9476776,101.9922001,720
exp1,ATP,ATP,1,"[1,2,3,4,5,6,7,8,9,10]",,4,791.521901,118.6711542,720
exp1,ATP,ATP,1,"[1,2,3,4,5,6,7,8,9,10]",,5,8931.973193,1082.494276,720
exp1,ATP,ATP,1,"[1,2,3,4,5,6,7,8,9,10]",,6,463.0536672,58.74223197,720
exp1,ATP,ATP,1,"[1,2,3,4,5,6,7,8,9,10]",,7,294.7369988,92.84525483,720
exp1,ATP,ATP,1,"[1,2,3,4,5,6,7,8,9,10]",,8,44.03584668,24.50403323,720
exp1,ATP,ATP,1,"[1,2,3,4,5,6,7,8,9,10]",,9,776.4100634,92.68691842,720
exp1,ATP,ATP,1,"[1,2,3,4,5,6,7,8,9,10]",,10,147.8325772,21.94081781,720
exp1,ATP,ATP,1,"[1,2,3,4,5,6,7,8,9,10]",,0,3102.234517,751.2274647,1440
exp1,ATP,ATP,1,"[1,2,3,4,5,6,7,8,9,10]",,1,333.3426658,69.44628049,1440
exp1,ATP,ATP,1,"[1,2,3,4,5,6,7,8,9,10]",,2,1088.209039,237.8581959,1440
exp1,ATP,ATP,1,"[1,2,3,4,5,6,7,8,9,10]",,3,926.9426829,167.7996151,1440
exp1,ATP,ATP,1,"[1,2,3,4,5,6,7,8,9,10]",,4,1095.060178,128.9815973,1440
exp1,ATP,ATP,1,"[1,2,3,4,5,6,7,8,9,10]",,5,11939.92305,1952.726853,1440
exp1,ATP,ATP,1,"[1,2,3,4,5,6,7,8,9,10]",,6,1137.285727,215.7833852,1440
exp1,ATP,ATP,1,"[1,2,3,4,5,6,7,8,9,10]",,7,387.0722082,13.92985936,1440
exp1,ATP,ATP,1,"[1,2,3,4,5,6,7,8,9,10]",,8,95.56230586,8.514551157,1440
exp1,ATP,ATP,1,"[1,2,3,4,5,6,7,8,9,10]",,9,875.2415203,40.24946455,1440
exp1,ATP,ATP,1,"[1,2,3,4,5,6,7,8,9,10]",,10,156.2472227,31.4558724,1440
exp1,AcCoA,AcCoA,1,"[1,2,3,4,5,6,7,8,9,10,11,12,13,14,15,16,17,18,19,20,21]",,0,7274.338917,424.9154476,0
exp1,AcCoA,AcCoA,1,"[1,2,3,4,5,6,7,8,9,10,11,12,13,14,15,16,17,18,19,20,21]",,1,138.9195538,96.63791559,0
exp1,AcCoA,AcCoA,1,"[1,2,3,4,5,6,7,8,9,10,11,12,13,14,15,16,17,18,19,20,21]",,2,159.1895046,55.38935864,0
exp1,AcCoA,AcCoA,1,"[1,2,3,4,5,6,7,8,9,10,11,12,13,14,15,16,17,18,19,20,21]",,3,20.73307004,19.96823732,0
exp1,AcCoA,AcCoA,1,"[1,2,3,4,5,6,7,8,9,10,11,12,13,14,15,16,17,18,19,20,21]",,4,0,0.02,0
exp1,AcCoA,AcCoA,1,"[1,2,3,4,5,6,7,8,9,10,11,12,13,14,15,16,17,18,19,20,21]",,5,53.51840499,30.59931141,0
exp1,AcCoA,AcCoA,1,"[1,2,3,4,5,6,7,8,9,10,11,12,13,14,15,16,17,18,19,20,21]",,6,2.675160109,2.675160109,0
exp1,AcCoA,AcCoA,1,"[1,2,3,4,5,6,7,8,9,10,11,12,13,14,15,16,17,18,19,20,21]",,7,38.69950255,10.22794351,0
exp1,AcCoA,AcCoA,1,"[1,2,3,4,5,6,7,8,9,10,11,12,13,14,15,16,17,18,19,20,21]",,8,0,0.02,0
exp1,AcCoA,AcCoA,1,"[1,2,3,4,5,6,7,8,9,10,11,12,13,14,15,16,17,18,19,20,21]",,9,18.00842606,10.09936319,0
exp1,AcCoA,AcCoA,1,"[1,2,3,4,5,6,7,8,9,10,11,12,13,14,15,16,17,18,19,20,21]",,10,0,0.02,0
exp1,AcCoA,AcCoA,1,"[1,2,3,4,5,6,7,8,9,10,11,12,13,14,15,16,17,18,19,20,21]",,11,13.20185664,6.846785667,0
exp1,AcCoA,AcCoA,1,"[1,2,3,4,5,6,7,8,9,10,11,12,13,14,15,16,17,18,19,20,21]",,12,0,0.02,0
exp1,AcCoA,AcCoA,1,"[1,2,3,4,5,6,7,8,9,10,11,12,13,14,15,16,17,18,19,20,21]",,13,10.16287623,9.78236445,0
exp1,AcCoA,AcCoA,1,"[1,2,3,4,5,6,7,8,9,10,11,12,13,14,15,16,17,18,19,20,21]",,14,0,0.02,0
exp1,AcCoA,AcCoA,1,"[1,2,3,4,5,6,7,8,9,10,11,12,13,14,15,16,17,18,19,20,21]",,15,9.207737221,3.402912432,0
exp1,AcCoA,AcCoA,1,"[1,2,3,4,5,6,7,8,9,10,11,12,13,14,15,16,17,18,19,20,21]",,16,3.861511183,3.861511183,0
exp1,AcCoA,AcCoA,1,"[1,2,3,4,5,6,7,8,9,10,11,12,13,14,15,16,17,18,19,20,21]",,17,6.317939477,5.037707803,0
exp1,AcCoA,AcCoA,1,"[1,2,3,4,5,6,7,8,9,10,11,12,13,14,15,16,17,18,19,20,21]",,18,0,0.02,0
exp1,AcCoA,AcCoA,1,"[1,2,3,4,5,6,7,8,9,10,11,12,13,14,15,16,17,18,19,20,21]",,19,14.33082791,6.391868098,0
exp1,AcCoA,AcCoA,1,"[1,2,3,4,5,6,7,8,9,10,11,12,13,14,15,16,17,18,19,20,21]",,20,0.134089363,0.134089363,0
exp1,AcCoA,AcCoA,1,"[1,2,3,4,5,6,7,8,9,10,11,12,13,14,15,16,17,18,19,20,21]",,21,15.32694607,8.692074513,0
exp1,AcCoA,AcCoA,1,"[1,2,3,4,5,6,7,8,9,10,11,12,13,14,15,16,17,18,19,20,21]",,0,4974.334838,834.943758,15
exp1,AcCoA,AcCoA,1,"[1,2,3,4,5,6,7,8,9,10,11,12,13,14,15,16,17,18,19,20,21]",,1,0,0.02,15
exp1,AcCoA,AcCoA,1,"[1,2,3,4,5,6,7,8,9,10,11,12,13,14,15,16,17,18,19,20,21]",,2,153.1205555,39.77536581,15
exp1,AcCoA,AcCoA,1,"[1,2,3,4,5,6,7,8,9,10,11,12,13,14,15,16,17,18,19,20,21]",,3,4.03353717,4.03353717,15
exp1,AcCoA,AcCoA,1,"[1,2,3,4,5,6,7,8,9,10,11,12,13,14,15,16,17,18,19,20,21]",,4,4.295971519,3.636044338,15
exp1,AcCoA,AcCoA,1,"[1,2,3,4,5,6,7,8,9,10,11,12,13,14,15,16,17,18,19,20,21]",,5,64.24806529,34.73779402,15
exp1,AcCoA,AcCoA,1,"[1,2,3,4,5,6,7,8,9,10,11,12,13,14,15,16,17,18,19,20,21]",,6,0,0.02,15
exp1,AcCoA,AcCoA,1,"[1,2,3,4,5,6,7,8,9,10,11,12,13,14,15,16,17,18,19,20,21]",,7,36.63603402,7.485883188,15
exp1,AcCoA,AcCoA,1,"[1,2,3,4,5,6,7,8,9,10,11,12,13,14,15,16,17,18,19,20,21]",,8,2.676069069,2.676069069,15
exp1,AcCoA,AcCoA,1,"[1,2,3,4,5,6,7,8,9,10,11,12,13,14,15,16,17,18,19,20,21]",,9,25.83862723,15.73617973,15
exp1,AcCoA,AcCoA,1,"[1,2,3,4,5,6,7,8,9,10,11,12,13,14,15,16,17,18,19,20,21]",,10,0,0.02,15
exp1,AcCoA,AcCoA,1,"[1,2,3,4,5,6,7,8,9,10,11,12,13,14,15,16,17,18,19,20,21]",,11,18.33863664,5.406318349,15
exp1,AcCoA,AcCoA,1,"[1,2,3,4,5,6,7,8,9,10,11,12,13,14,15,16,17,18,19,20,21]",,12,0,0.02,15
exp1,AcCoA,AcCoA,1,"[1,2,3,4,5,6,7,8,9,10,11,12,13,14,15,16,17,18,19,20,21]",,13,18.59450275,6.423897907,15
exp1,AcCoA,AcCoA,1,"[1,2,3,4,5,6,7,8,9,10,11,12,13,14,15,16,17,18,19,20,21]",,14,0,0.02,15
exp1,AcCoA,AcCoA,1,"[1,2,3,4,5,6,7,8,9,10,11,12,13,14,15,16,17,18,19,20,21]",,15,11.42591166,4.470186606,15
exp1,AcCoA,AcCoA,1,"[1,2,3,4,5,6,7,8,9,10,11,12,13,14,15,16,17,18,19,20,21]",,16,0,0.02,15
exp1,AcCoA,AcCoA,1,"[1,2,3,4,5,6,7,8,9,10,11,12,13,14,15,16,17,18,19,20,21]",,17,6.838154956,3.919503384,15
exp1,AcCoA,AcCoA,1,"[1,2,3,4,5,6,7,8,9,10,11,12,13,14,15,16,17,18,19,20,21]",,18,0.272508423,0.272508423,15
exp1,AcCoA,AcCoA,1,"[1,2,3,4,5,6,7,8,9,10,11,12,13,14,15,16,17,18,19,20,21]",,19,36.50555602,5.288942587,15
exp1,AcCoA,AcCoA,1,"[1,2,3,4,5,6,7,8,9,10,11,12,13,14,15,16,17,18,19,20,21]",,20,0,0.02,15
exp1,AcCoA,AcCoA,1,"[1,2,3,4,5,6,7,8,9,10,11,12,13,14,15,16,17,18,19,20,21]",,21,13.76957896,13.76957896,15
exp1,AcCoA,AcCoA,1,"[1,2,3,4,5,6,7,8,9,10,11,12,13,14,15,16,17,18,19,20,21]",,0,6730.841326,298.8045278,30
exp1,AcCoA,AcCoA,1,"[1,2,3,4,5,6,7,8,9,10,11,12,13,14,15,16,17,18,19,20,21]",,1,88.28702935,38.87368005,30
exp1,AcCoA,AcCoA,1,"[1,2,3,4,5,6,7,8,9,10,11,12,13,14,15,16,17,18,19,20,21]",,2,143.531836,65.61562388,30
exp1,AcCoA,AcCoA,1,"[1,2,3,4,5,6,7,8,9,10,11,12,13,14,15,16,17,18,19,20,21]",,3,17.72911585,17.72911585,30
exp1,AcCoA,AcCoA,1,"[1,2,3,4,5,6,7,8,9,10,11,12,13,14,15,16,17,18,19,20,21]",,4,12.42618157,12.42618157,30
exp1,AcCoA,AcCoA,1,"[1,2,3,4,5,6,7,8,9,10,11,12,13,14,15,16,17,18,19,20,21]",,5,96.32451204,41.55530917,30
exp1,AcCoA,AcCoA,1,"[1,2,3,4,5,6,7,8,9,10,11,12,13,14,15,16,17,18,19,20,21]",,6,0.818551704,0.818551704,30
exp1,AcCoA,AcCoA,1,"[1,2,3,4,5,6,7,8,9,10,11,12,13,14,15,16,17,18,19,20,21]",,7,31.47042575,8.701951485,30
exp1,AcCoA,AcCoA,1,"[1,2,3,4,5,6,7,8,9,10,11,12,13,14,15,16,17,18,19,20,21]",,8,3.039211539,3.039211539,30
exp1,AcCoA,AcCoA,1,"[1,2,3,4,5,6,7,8,9,10,11,12,13,14,15,16,17,18,19,20,21]",,9,5.917672187,2.979294188,30
exp1,AcCoA,AcCoA,1,"[1,2,3,4,5,6,7,8,9,10,11,12,13,14,15,16,17,18,19,20,21]",,10,0,0.02,30
exp1,AcCoA,AcCoA,1,"[1,2,3,4,5,6,7,8,9,10,11,12,13,14,15,16,17,18,19,20,21]",,11,0,0.02,30
exp1,AcCoA,AcCoA,1,"[1,2,3,4,5,6,7,8,9,10,11,12,13,14,15,16,17,18,19,20,21]",,12,0,0.02,30
exp1,AcCoA,AcCoA,1,"[1,2,3,4,5,6,7,8,9,10,11,12,13,14,15,16,17,18,19,20,21]",,13,13.21082631,1.663804708,30
exp1,AcCoA,AcCoA,1,"[1,2,3,4,5,6,7,8,9,10,11,12,13,14,15,16,17,18,19,20,21]",,14,0,0.02,30
exp1,AcCoA,AcCoA,1,"[1,2,3,4,5,6,7,8,9,10,11,12,13,14,15,16,17,18,19,20,21]",,15,7.31370273,3.679059593,30
exp1,AcCoA,AcCoA,1,"[1,2,3,4,5,6,7,8,9,10,11,12,13,14,15,16,17,18,19,20,21]",,16,0,0.02,30
exp1,AcCoA,AcCoA,1,"[1,2,3,4,5,6,7,8,9,10,11,12,13,14,15,16,17,18,19,20,21]",,17,17.93260499,2.353889234,30
exp1,AcCoA,AcCoA,1,"[1,2,3,4,5,6,7,8,9,10,11,12,13,14,15,16,17,18,19,20,21]",,18,0,0.02,30
exp1,AcCoA,AcCoA,1,"[1,2,3,4,5,6,7,8,9,10,11,12,13,14,15,16,17,18,19,20,21]",,19,6.05692983,6.05692983,30
exp1,AcCoA,AcCoA,1,"[1,2,3,4,5,6,7,8,9,10,11,12,13,14,15,16,17,18,19,20,21]",,20,0,0.02,30
exp1,AcCoA,AcCoA,1,"[1,2,3,4,5,6,7,8,9,10,11,12,13,14,15,16,17,18,19,20,21]",,21,0.904766785,0.871122259,30
exp1,AcCoA,AcCoA,1,"[1,2,3,4,5,6,7,8,9,10,11,12,13,14,15,16,17,18,19,20,21]",,0,9501.227347,750.064426,60
exp1,AcCoA,AcCoA,1,"[1,2,3,4,5,6,7,8,9,10,11,12,13,14,15,16,17,18,19,20,21]",,1,217.7376143,109.552692,60
exp1,AcCoA,AcCoA,1,"[1,2,3,4,5,6,7,8,9,10,11,12,13,14,15,16,17,18,19,20,21]",,2,171.0437896,120.2658059,60
exp1,AcCoA,AcCoA,1,"[1,2,3,4,5,6,7,8,9,10,11,12,13,14,15,16,17,18,19,20,21]",,3,39.83077828,21.06692604,60
exp1,AcCoA,AcCoA,1,"[1,2,3,4,5,6,7,8,9,10,11,12,13,14,15,16,17,18,19,20,21]",,4,24.6003252,12.26746469,60
exp1,AcCoA,AcCoA,1,"[1,2,3,4,5,6,7,8,9,10,11,12,13,14,15,16,17,18,19,20,21]",,5,206.8317161,42.63834629,60
exp1,AcCoA,AcCoA,1,"[1,2,3,4,5,6,7,8,9,10,11,12,13,14,15,16,17,18,19,20,21]",,6,0,0.02,60
exp1,AcCoA,AcCoA,1,"[1,2,3,4,5,6,7,8,9,10,11,12,13,14,15,16,17,18,19,20,21]",,7,64.7916916,7.91916778,60
exp1,AcCoA,AcCoA,1,"[1,2,3,4,5,6,7,8,9,10,11,12,13,14,15,16,17,18,19,20,21]",,8,0,0.02,60
exp1,AcCoA,AcCoA,1,"[1,2,3,4,5,6,7,8,9,10,11,12,13,14,15,16,17,18,19,20,21]",,9,26.38619925,7.931708805,60
exp1,AcCoA,AcCoA,1,"[1,2,3,4,5,6,7,8,9,10,11,12,13,14,15,16,17,18,19,20,21]",,10,0,0.02,60
exp1,AcCoA,AcCoA,1,"[1,2,3,4,5,6,7,8,9,10,11,12,13,14,15,16,17,18,19,20,21]",,11,15.77312003,3.365000862,60
exp1,AcCoA,AcCoA,1,"[1,2,3,4,5,6,7,8,9,10,11,12,13,14,15,16,17,18,19,20,21]",,12,0,0.02,60
exp1,AcCoA,AcCoA,1,"[1,2,3,4,5,6,7,8,9,10,11,12,13,14,15,16,17,18,19,20,21]",,13,29.22505092,2.280606801,60
exp1,AcCoA,AcCoA,1,"[1,2,3,4,5,6,7,8,9,10,11,12,13,14,15,16,17,18,19,20,21]",,14,0,0.02,60
exp1,AcCoA,AcCoA,1,"[1,2,3,4,5,6,7,8,9,10,11,12,13,14,15,16,17,18,19,20,21]",,15,12.00176656,6.253028583,60
exp1,AcCoA,AcCoA,1,"[1,2,3,4,5,6,7,8,9,10,11,12,13,14,15,16,17,18,19,20,21]",,16,0,0.02,60
exp1,AcCoA,AcCoA,1,"[1,2,3,4,5,6,7,8,9,10,11,12,13,14,15,16,17,18,19,20,21]",,17,4.94267794,4.94267794,60
exp1,AcCoA,AcCoA,1,"[1,2,3,4,5,6,7,8,9,10,11,12,13,14,15,16,17,18,19,20,21]",,18,0,0.02,60
exp1,AcCoA,AcCoA,1,"[1,2,3,4,5,6,7,8,9,10,11,12,13,14,15,16,17,18,19,20,21]",,19,19.72458043,10.6925102,60
exp1,AcCoA,AcCoA,1,"[1,2,3,4,5,6,7,8,9,10,11,12,13,14,15,16,17,18,19,20,21]",,20,0,0.02,60
exp1,AcCoA,AcCoA,1,"[1,2,3,4,5,6,7,8,9,10,11,12,13,14,15,16,17,18,19,20,21]",,21,19.69338741,3.780487002,60
exp1,AcCoA,AcCoA,1,"[1,2,3,4,5,6,7,8,9,10,11,12,13,14,15,16,17,18,19,20,21]",,0,6701.674606,567.8222444,240
exp1,AcCoA,AcCoA,1,"[1,2,3,4,5,6,7,8,9,10,11,12,13,14,15,16,17,18,19,20,21]",,1,0,0.02,240
exp1,AcCoA,AcCoA,1,"[1,2,3,4,5,6,7,8,9,10,11,12,13,14,15,16,17,18,19,20,21]",,2,260.2969812,37.92895141,240
exp1,AcCoA,AcCoA,1,"[1,2,3,4,5,6,7,8,9,10,11,12,13,14,15,16,17,18,19,20,21]",,3,158.1239403,20.05390606,240
exp1,AcCoA,AcCoA,1,"[1,2,3,4,5,6,7,8,9,10,11,12,13,14,15,16,17,18,19,20,21]",,4,136.8046329,26.21461496,240
exp1,AcCoA,AcCoA,1,"[1,2,3,4,5,6,7,8,9,10,11,12,13,14,15,16,17,18,19,20,21]",,5,1265.403076,85.49538233,240
exp1,AcCoA,AcCoA,1,"[1,2,3,4,5,6,7,8,9,10,11,12,13,14,15,16,17,18,19,20,21]",,6,36.64838921,26.08599087,240
exp1,AcCoA,AcCoA,1,"[1,2,3,4,5,6,7,8,9,10,11,12,13,14,15,16,17,18,19,20,21]",,7,54.51242642,22.18582435,240
exp1,AcCoA,AcCoA,1,"[1,2,3,4,5,6,7,8,9,10,11,12,13,14,15,16,17,18,19,20,21]",,8,0,0.02,240
exp1,AcCoA,AcCoA,1,"[1,2,3,4,5,6,7,8,9,10,11,12,13,14,15,16,17,18,19,20,21]",,9,8.99950107,3.7952004,240
exp1,AcCoA,AcCoA,1,"[1,2,3,4,5,6,7,8,9,10,11,12,13,14,15,16,17,18,19,20,21]",,10,0,0.02,240
exp1,AcCoA,AcCoA,1,"[1,2,3,4,5,6,7,8,9,10,11,12,13,14,15,16,17,18,19,20,21]",,11,3.333456484,2.986352454,240
exp1,AcCoA,AcCoA,1,"[1,2,3,4,5,6,7,8,9,10,11,12,13,14,15,16,17,18,19,20,21]",,12,0,0.02,240
exp1,AcCoA,AcCoA,1,"[1,2,3,4,5,6,7,8,9,10,11,12,13,14,15,16,17,18,19,20,21]",,13,17.41004417,11.20636232,240
exp1,AcCoA,AcCoA,1,"[1,2,3,4,5,6,7,8,9,10,11,12,13,14,15,16,17,18,19,20,21]",,14,0,0.02,240
exp1,AcCoA,AcCoA,1,"[1,2,3,4,5,6,7,8,9,10,11,12,13,14,15,16,17,18,19,20,21]",,15,9.527945643,4.775205175,240
exp1,AcCoA,AcCoA,1,"[1,2,3,4,5,6,7,8,9,10,11,12,13,14,15,16,17,18,19,20,21]",,16,0,0.02,240
exp1,AcCoA,AcCoA,1,"[1,2,3,4,5,6,7,8,9,10,11,12,13,14,15,16,17,18,19,20,21]",,17,22.68221005,2.085840715,240
exp1,AcCoA,AcCoA,1,"[1,2,3,4,5,6,7,8,9,10,11,12,13,14,15,16,17,18,19,20,21]",,18,0,0.02,240
exp1,AcCoA,AcCoA,1,"[1,2,3,4,5,6,7,8,9,10,11,12,13,14,15,16,17,18,19,20,21]",,19,30.22940895,9.664421143,240
exp1,AcCoA,AcCoA,1,"[1,2,3,4,5,6,7,8,9,10,11,12,13,14,15,16,17,18,19,20,21]",,20,0,0.02,240
exp1,AcCoA,AcCoA,1,"[1,2,3,4,5,6,7,8,9,10,11,12,13,14,15,16,17,18,19,20,21]",,21,11.76367008,0.231628944,240
exp1,AcCoA,AcCoA,1,"[1,2,3,4,5,6,7,8,9,10,11,12,13,14,15,16,17,18,19,20,21]",,0,3369.484549,466.1747347,720
exp1,AcCoA,AcCoA,1,"[1,2,3,4,5,6,7,8,9,10,11,12,13,14,15,16,17,18,19,20,21]",,1,121.7376996,121.7376996,720
exp1,AcCoA,AcCoA,1,"[1,2,3,4,5,6,7,8,9,10,11,12,13,14,15,16,17,18,19,20,21]",,2,442.0381932,18.50418053,720
exp1,AcCoA,AcCoA,1,"[1,2,3,4,5,6,7,8,9,10,11,12,13,14,15,16,17,18,19,20,21]",,3,388.5919615,24.66800481,720
exp1,AcCoA,AcCoA,1,"[1,2,3,4,5,6,7,8,9,10,11,12,13,14,15,16,17,18,19,20,21]",,4,248.4147528,80.57630081,720
exp1,AcCoA,AcCoA,1,"[1,2,3,4,5,6,7,8,9,10,11,12,13,14,15,16,17,18,19,20,21]",,5,4466.801581,361.8647952,720
exp1,AcCoA,AcCoA,1,"[1,2,3,4,5,6,7,8,9,10,11,12,13,14,15,16,17,18,19,20,21]",,6,171.3307495,58.01221298,720
exp1,AcCoA,AcCoA,1,"[1,2,3,4,5,6,7,8,9,10,11,12,13,14,15,16,17,18,19,20,21]",,7,193.8507572,16.20627075,720
exp1,AcCoA,AcCoA,1,"[1,2,3,4,5,6,7,8,9,10,11,12,13,14,15,16,17,18,19,20,21]",,8,0,0.02,720
exp1,AcCoA,AcCoA,1,"[1,2,3,4,5,6,7,8,9,10,11,12,13,14,15,16,17,18,19,20,21]",,9,23.53899799,8.71071641,720
exp1,AcCoA,AcCoA,1,"[1,2,3,4,5,6,7,8,9,10,11,12,13,14,15,16,17,18,19,20,21]",,10,0,0.02,720
exp1,AcCoA,AcCoA,1,"[1,2,3,4,5,6,7,8,9,10,11,12,13,14,15,16,17,18,19,20,21]",,11,28.99800965,10.24439012,720
exp1,AcCoA,AcCoA,1,"[1,2,3,4,5,6,7,8,9,10,11,12,13,14,15,16,17,18,19,20,21]",,12,0,0.02,720
exp1,AcCoA,AcCoA,1,"[1,2,3,4,5,6,7,8,9,10,11,12,13,14,15,16,17,18,19,20,21]",,13,17.51351155,4.763981383,720
exp1,AcCoA,AcCoA,1,"[1,2,3,4,5,6,7,8,9,10,11,12,13,14,15,16,17,18,19,20,21]",,14,0,0.02,720
exp1,AcCoA,AcCoA,1,"[1,2,3,4,5,6,7,8,9,10,11,12,13,14,15,16,17,18,19,20,21]",,15,4.22763948,4.22763948,720
exp1,AcCoA,AcCoA,1,"[1,2,3,4,5,6,7,8,9,10,11,12,13,14,15,16,17,18,19,20,21]",,16,3.269684951,3.269684951,720
exp1,AcCoA,AcCoA,1,"[1,2,3,4,5,6,7,8,9,10,11,12,13,14,15,16,17,18,19,20,21]",,17,25.99543897,15.78689372,720
exp1,AcCoA,AcCoA,1,"[1,2,3,4,5,6,7,8,9,10,11,12,13,14,15,16,17,18,19,20,21]",,18,0,0.02,720
exp1,AcCoA,AcCoA,1,"[1,2,3,4,5,6,7,8,9,10,11,12,13,14,15,16,17,18,19,20,21]",,19,15.92868269,4.428010465,720
exp1,AcCoA,AcCoA,1,"[1,2,3,4,5,6,7,8,9,10,11,12,13,14,15,16,17,18,19,20,21]",,20,0.945873482,0.945873482,720
exp1,AcCoA,AcCoA,1,"[1,2,3,4,5,6,7,8,9,10,11,12,13,14,15,16,17,18,19,20,21]",,21,18.700547,4.298341752,720
exp1,AcCoA,AcCoA,1,"[1,2,3,4,5,6,7,8,9,10,11,12,13,14,15,16,17,18,19,20,21]",,0,1582.250672,285.1161789,1440
exp1,AcCoA,AcCoA,1,"[1,2,3,4,5,6,7,8,9,10,11,12,13,14,15,16,17,18,19,20,21]",,1,67.28547248,34.7964922,1440
exp1,AcCoA,AcCoA,1,"[1,2,3,4,5,6,7,8,9,10,11,12,13,14,15,16,17,18,19,20,21]",,2,481.465714,95.79279618,1440
exp1,AcCoA,AcCoA,1,"[1,2,3,4,5,6,7,8,9,10,11,12,13,14,15,16,17,18,19,20,21]",,3,350.4903035,69.41576822,1440
exp1,AcCoA,AcCoA,1,"[1,2,3,4,5,6,7,8,9,10,11,12,13,14,15,16,17,18,19,20,21]",,4,250.0168909,127.959844,1440
exp1,AcCoA,AcCoA,1,"[1,2,3,4,5,6,7,8,9,10,11,12,13,14,15,16,17,18,19,20,21]",,5,5403.127701,823.4950985,1440
exp1,AcCoA,AcCoA,1,"[1,2,3,4,5,6,7,8,9,10,11,12,13,14,15,16,17,18,19,20,21]",,6,204.3968623,21.77087341,1440
exp1,AcCoA,AcCoA,1,"[1,2,3,4,5,6,7,8,9,10,11,12,13,14,15,16,17,18,19,20,21]",,7,264.8686529,19.96728463,1440
exp1,AcCoA,AcCoA,1,"[1,2,3,4,5,6,7,8,9,10,11,12,13,14,15,16,17,18,19,20,21]",,8,0,0.02,1440
exp1,AcCoA,AcCoA,1,"[1,2,3,4,5,6,7,8,9,10,11,12,13,14,15,16,17,18,19,20,21]",,9,18.25734256,11.5699865,1440
exp1,AcCoA,AcCoA,1,"[1,2,3,4,5,6,7,8,9,10,11,12,13,14,15,16,17,18,19,20,21]",,10,0.143465664,0.143465664,1440
exp1,AcCoA,AcCoA,1,"[1,2,3,4,5,6,7,8,9,10,11,12,13,14,15,16,17,18,19,20,21]",,11,25.31755463,12.66614356,1440
exp1,AcCoA,AcCoA,1,"[1,2,3,4,5,6,7,8,9,10,11,12,13,14,15,16,17,18,19,20,21]",,12,0,0.02,1440
exp1,AcCoA,AcCoA,1,"[1,2,3,4,5,6,7,8,9,10,11,12,13,14,15,16,17,18,19,20,21]",,13,13.67004491,6.395287894,1440
exp1,AcCoA,AcCoA,1,"[1,2,3,4,5,6,7,8,9,10,11,12,13,14,15,16,17,18,19,20,21]",,14,0,0.02,1440
exp1,AcCoA,AcCoA,1,"[1,2,3,4,5,6,7,8,9,10,11,12,13,14,15,16,17,18,19,20,21]",,15,16.9977831,1.946463473,1440
exp1,AcCoA,AcCoA,1,"[1,2,3,4,5,6,7,8,9,10,11,12,13,14,15,16,17,18,19,20,21]",,16,0,0.02,1440
exp1,AcCoA,AcCoA,1,"[1,2,3,4,5,6,7,8,9,10,11,12,13,14,15,16,17,18,19,20,21]",,17,45.29047065,18.0637445,1440
exp1,AcCoA,AcCoA,1,"[1,2,3,4,5,6,7,8,9,10,11,12,13,14,15,16,17,18,19,20,21]",,18,0,0.02,1440
exp1,AcCoA,AcCoA,1,"[1,2,3,4,5,6,7,8,9,10,11,12,13,14,15,16,17,18,19,20,21]",,19,8.804635811,6.721537086,1440
exp1,AcCoA,AcCoA,1,"[1,2,3,4,5,6,7,8,9,10,11,12,13,14,15,16,17,18,19,20,21]",,20,0,0.02,1440
exp1,AcCoA,AcCoA,1,"[1,2,3,4,5,6,7,8,9,10,11,12,13,14,15,16,17,18,19,20,21]",,21,12.10955519,5.920907834,1440
exp1,Cit,Cit,1,"[1,2,3,4,5,6]",,0,109169.1741,12250.28872,0
exp1,Cit,Cit,1,"[1,2,3,4,5,6]",,1,290.5064665,10.8711299,0
exp1,Cit,Cit,1,"[1,2,3,4,5,6]",,2,104.799652,79.11252486,0
exp1,Cit,Cit,1,"[1,2,3,4,5,6]",,3,0,0.02,0
exp1,Cit,Cit,1,"[1,2,3,4,5,6]",,4,9.258717958,4.634463297,0
exp1,Cit,Cit,1,"[1,2,3,4,5,6]",,5,10.96877292,10.96877292,0
exp1,Cit,Cit,1,"[1,2,3,4,5,6]",,6,10.30041273,4.031184157,0
exp1,Cit,Cit,1,"[1,2,3,4,5,6]",,0,72630.22482,8430.243563,15
exp1,Cit,Cit,1,"[1,2,3,4,5,6]",,1,229.1672519,82.47977392,15
exp1,Cit,Cit,1,"[1,2,3,4,5,6]",,2,14763.38803,1524.960514,15
exp1,Cit,Cit,1,"[1,2,3,4,5,6]",,3,479.9962822,31.49386176,15
exp1,Cit,Cit,1,"[1,2,3,4,5,6]",,4,290.6020744,57.44044725,15
exp1,Cit,Cit,1,"[1,2,3,4,5,6]",,5,204.4094973,24.62819238,15
exp1,Cit,Cit,1,"[1,2,3,4,5,6]",,6,40.98870163,13.24905115,15
exp1,Cit,Cit,1,"[1,2,3,4,5,6]",,0,105950.3291,824.5524482,30
exp1,Cit,Cit,1,"[1,2,3,4,5,6]",,1,779.0890587,51.96098387,30
exp1,Cit,Cit,1,"[1,2,3,4,5,6]",,2,21213.0396,397.8094763,30
exp1,Cit,Cit,1,"[1,2,3,4,5,6]",,3,1141.164662,94.83635413,30
exp1,Cit,Cit,1,"[1,2,3,4,5,6]",,4,692.4255092,99.02915859,30
exp1,Cit,Cit,1,"[1,2,3,4,5,6]",,5,345.9388406,19.00032623,30
exp1,Cit,Cit,1,"[1,2,3,4,5,6]",,6,29.90264511,7.273982928,30
exp1,Cit,Cit,1,"[1,2,3,4,5,6]",,0,65154.95365,4558.179365,60
exp1,Cit,Cit,1,"[1,2,3,4,5,6]",,1,1063.582963,210.6207435,60
exp1,Cit,Cit,1,"[1,2,3,4,5,6]",,2,12390.82715,967.0640049,60
exp1,Cit,Cit,1,"[1,2,3,4,5,6]",,3,1000.891009,67.41468298,60
exp1,Cit,Cit,1,"[1,2,3,4,5,6]",,4,861.0805945,82.70935638,60
exp1,Cit,Cit,1,"[1,2,3,4,5,6]",,5,285.940039,14.55737104,60
exp1,Cit,Cit,1,"[1,2,3,4,5,6]",,6,34.38211495,16.49561407,60
exp1,Cit,Cit,1,"[1,2,3,4,5,6]",,0,110779.985,11667.47543,240
exp1,Cit,Cit,1,"[1,2,3,4,5,6]",,1,3030.804853,318.0036704,240
exp1,Cit,Cit,1,"[1,2,3,4,5,6]",,2,51698.37768,5501.505159,240
exp1,Cit,Cit,1,"[1,2,3,4,5,6]",,3,4540.344394,555.3980195,240
exp1,Cit,Cit,1,"[1,2,3,4,5,6]",,4,4831.540372,603.7870416,240
exp1,Cit,Cit,1,"[1,2,3,4,5,6]",,5,1880.726668,103.6059185,240
exp1,Cit,Cit,1,"[1,2,3,4,5,6]",,6,196.9393282,27.0278491,240
exp1,Cit,Cit,1,"[1,2,3,4,5,6]",,0,149761.0602,11135.97929,720
exp1,Cit,Cit,1,"[1,2,3,4,5,6]",,1,7388.8111,397.0950188,720
exp1,Cit,Cit,1,"[1,2,3,4,5,6]",,2,117969.9022,3748.766445,720
exp1,Cit,Cit,1,"[1,2,3,4,5,6]",,3,14804.4228,601.6382085,720
exp1,Cit,Cit,1,"[1,2,3,4,5,6]",,4,19639.90527,748.3211516,720
exp1,Cit,Cit,1,"[1,2,3,4,5,6]",,5,8665.992176,157.9063126,720
exp1,Cit,Cit,1,"[1,2,3,4,5,6]",,6,1219.960189,58.64413203,720
exp1,Cit,Cit,1,"[1,2,3,4,5,6]",,0,122605.2303,11297.05743,1440
exp1,Cit,Cit,1,"[1,2,3,4,5,6]",,1,7138.712944,684.5461874,1440
exp1,Cit,Cit,1,"[1,2,3,4,5,6]",,2,126336.3547,12501.68759,1440
exp1,Cit,Cit,1,"[1,2,3,4,5,6]",,3,16256.92324,1507.457678,1440
exp1,Cit,Cit,1,"[1,2,3,4,5,6]",,4,28450.68519,2590.733284,1440
exp1,Cit,Cit,1,"[1,2,3,4,5,6]",,5,13683.00813,1040.91069,1440
exp1,Cit,Cit,1,"[1,2,3,4,5,6]",,6,2542.345455,237.9275498,1440
exp1,F6P,F6P,1,"[1,2,3,4,5,6]",,0,8871.97787,804.4374074,0
exp1,F6P,F6P,1,"[1,2,3,4,5,6]",,1,59.42256592,36.27725086,0
exp1,F6P,F6P,1,"[1,2,3,4,5,6]",,2,74.67084443,27.20360913,0
exp1,F6P,F6P,1,"[1,2,3,4,5,6]",,3,26.49402252,19.1197915,0
exp1,F6P,F6P,1,"[1,2,3,4,5,6]",,4,17.41350147,8.654443318,0
exp1,F6P,F6P,1,"[1,2,3,4,5,6]",,5,85.27998299,26.66885345,0
exp1,F6P,F6P,1,"[1,2,3,4,5,6]",,6,14.33990093,2.492593123,0
exp1,F6P,F6P,1,"[1,2,3,4,5,6]",,0,4979.112447,1769.448967,15
exp1,F6P,F6P,1,"[1,2,3,4,5,6]",,1,86.40376786,47.69368844,15
exp1,F6P,F6P,1,"[1,2,3,4,5,6]",,2,317.2131563,98.74585852,15
exp1,F6P,F6P,1,"[1,2,3,4,5,6]",,3,874.7927657,198.9073185,15
exp1,F6P,F6P,1,"[1,2,3,4,5,6]",,4,482.4396821,101.8896568,15
exp1,F6P,F6P,1,"[1,2,3,4,5,6]",,5,517.1362067,136.7906213,15
exp1,F6P,F6P,1,"[1,2,3,4,5,6]",,6,2940.364303,778.203757,15
exp1,F6P,F6P,1,"[1,2,3,4,5,6]",,0,4070.606612,1099.736255,30
exp1,F6P,F6P,1,"[1,2,3,4,5,6]",,1,160.73141,13.11989719,30
exp1,F6P,F6P,1,"[1,2,3,4,5,6]",,2,282.3712892,51.06811319,30
exp1,F6P,F6P,1,"[1,2,3,4,5,6]",,3,820.7457393,86.14366297,30
exp1,F6P,F6P,1,"[1,2,3,4,5,6]",,4,439.1110121,59.67447271,30
exp1,F6P,F6P,1,"[1,2,3,4,5,6]",,5,537.5083865,46.69982092,30
exp1,F6P,F6P,1,"[1,2,3,4,5,6]",,6,2654.86856,271.7764614,30
exp1,F6P,F6P,1,"[1,2,3,4,5,6]",,0,2170.731971,297.6144406,60
exp1,F6P,F6P,1,"[1,2,3,4,5,6]",,1,56.40342153,18.5374137,60
exp1,F6P,F6P,1,"[1,2,3,4,5,6]",,2,159.8864058,24.90399042,60
exp1,F6P,F6P,1,"[1,2,3,4,5,6]",,3,491.3690195,60.56133664,60
exp1,F6P,F6P,1,"[1,2,3,4,5,6]",,4,258.2197101,7.366909341,60
exp1,F6P,F6P,1,"[1,2,3,4,5,6]",,5,284.5821956,6.506404387,60
exp1,F6P,F6P,1,"[1,2,3,4,5,6]",,6,1981.259601,222.8562062,60
exp1,F6P,F6P,1,"[1,2,3,4,5,6]",,0,1195.823,113.9486937,240
exp1,F6P,F6P,1,"[1,2,3,4,5,6]",,1,74.03888599,33.58258968,240
exp1,F6P,F6P,1,"[1,2,3,4,5,6]",,2,234.9276124,24.26274822,240
exp1,F6P,F6P,1,"[1,2,3,4,5,6]",,3,734.8177097,117.332736,240
exp1,F6P,F6P,1,"[1,2,3,4,5,6]",,4,347.5724587,29.41840701,240
exp1,F6P,F6P,1,"[1,2,3,4,5,6]",,5,555.3213972,71.87508267,240
exp1,F6P,F6P,1,"[1,2,3,4,5,6]",,6,3613.954931,510.14289,240
exp1,F6P,F6P,1,"[1,2,3,4,5,6]",,0,845.142728,100.5850738,720
exp1,F6P,F6P,1,"[1,2,3,4,5,6]",,1,59.85165099,18.39691913,720
exp1,F6P,F6P,1,"[1,2,3,4,5,6]",,2,233.9488556,46.85347686,720
exp1,F6P,F6P,1,"[1,2,3,4,5,6]",,3,916.5565253,184.3239317,720
exp1,F6P,F6P,1,"[1,2,3,4,5,6]",,4,482.3592363,146.5711639,720
exp1,F6P,F6P,1,"[1,2,3,4,5,6]",,5,765.3315145,145.8650418,720
exp1,F6P,F6P,1,"[1,2,3,4,5,6]",,6,4602.32836,526.7169172,720
exp1,F6P,F6P,1,"[1,2,3,4,5,6]",,0,612.4594057,89.37025151,1440
exp1,F6P,F6P,1,"[1,2,3,4,5,6]",,1,13.69558185,11.35087101,1440
exp1,F6P,F6P,1,"[1,2,3,4,5,6]",,2,139.0539981,19.59077061,1440
exp1,F6P,F6P,1,"[1,2,3,4,5,6]",,3,553.047442,53.76486491,1440
exp1,F6P,F6P,1,"[1,2,3,4,5,6]",,4,238.22118,22.15836262,1440
exp1,F6P,F6P,1,"[1,2,3,4,5,6]",,5,429.5981519,28.57867551,1440
exp1,F6P,F6P,1,"[1,2,3,4,5,6]",,6,3552.50292,287.6497667,1440
exp1,FBP,FBP,1,"[1,2,3,4,5,6]",,0,4784.59285,317.8628689,0
exp1,FBP,FBP,1,"[1,2,3,4,5,6]",,1,35.84929565,18.67938665,0
exp1,FBP,FBP,1,"[1,2,3,4,5,6]",,2,0,0.02,0
exp1,FBP,FBP,1,"[1,2,3,4,5,6]",,3,58.09464482,31.48106054,0
exp1,FBP,FBP,1,"[1,2,3,4,5,6]",,4,15.75369503,6.391973557,0
exp1,FBP,FBP,1,"[1,2,3,4,5,6]",,5,8.158305457,4.142205075,0
exp1,FBP,FBP,1,"[1,2,3,4,5,6]",,6,10.18852973,5.397093746,0
exp1,FBP,FBP,1,"[1,2,3,4,5,6]",,0,3398.012252,471.6126207,15
exp1,FBP,FBP,1,"[1,2,3,4,5,6]",,1,90.83717023,90.83717023,15
exp1,FBP,FBP,1,"[1,2,3,4,5,6]",,2,34.33057291,24.50517094,15
exp1,FBP,FBP,1,"[1,2,3,4,5,6]",,3,542.3226305,84.84625915,15
exp1,FBP,FBP,1,"[1,2,3,4,5,6]",,4,38.0870319,11.07124567,15
exp1,FBP,FBP,1,"[1,2,3,4,5,6]",,5,27.53164448,5.309336974,15
exp1,FBP,FBP,1,"[1,2,3,4,5,6]",,6,783.2655901,105.8636792,15
exp1,FBP,FBP,1,"[1,2,3,4,5,6]",,0,3957.288851,175.4783251,30
exp1,FBP,FBP,1,"[1,2,3,4,5,6]",,1,6.144398127,6.144398127,30
exp1,FBP,FBP,1,"[1,2,3,4,5,6]",,2,9.522005203,6.250034841,30
exp1,FBP,FBP,1,"[1,2,3,4,5,6]",,3,451.2524414,20.55561374,30
exp1,FBP,FBP,1,"[1,2,3,4,5,6]",,4,40.31081048,23.17871664,30
exp1,FBP,FBP,1,"[1,2,3,4,5,6]",,5,37.24639913,10.38078219,30
exp1,FBP,FBP,1,"[1,2,3,4,5,6]",,6,725.202481,45.41414671,30
exp1,FBP,FBP,1,"[1,2,3,4,5,6]",,0,4292.808928,80.85930066,60
exp1,FBP,FBP,1,"[1,2,3,4,5,6]",,1,23.09762013,23.09762013,60
exp1,FBP,FBP,1,"[1,2,3,4,5,6]",,2,20.1487546,16.9957316,60
exp1,FBP,FBP,1,"[1,2,3,4,5,6]",,3,211.3475741,12.04227343,60
exp1,FBP,FBP,1,"[1,2,3,4,5,6]",,4,31.35592655,18.05382735,60
exp1,FBP,FBP,1,"[1,2,3,4,5,6]",,5,9.289789298,0.496012819,60
exp1,FBP,FBP,1,"[1,2,3,4,5,6]",,6,249.0549503,55.57217292,60
exp1,FBP,FBP,1,"[1,2,3,4,5,6]",,0,4916.502224,179.4736703,240
exp1,FBP,FBP,1,"[1,2,3,4,5,6]",,1,0,0.02,240
exp1,FBP,FBP,1,"[1,2,3,4,5,6]",,2,21.6748571,21.6748571,240
exp1,FBP,FBP,1,"[1,2,3,4,5,6]",,3,305.455653,14.54044889,240
exp1,FBP,FBP,1,"[1,2,3,4,5,6]",,4,24.19154718,17.80291182,240
exp1,FBP,FBP,1,"[1,2,3,4,5,6]",,5,41.23326203,25.97479279,240
exp1,FBP,FBP,1,"[1,2,3,4,5,6]",,6,701.2752252,87.2138507,240
exp1,FBP,FBP,1,"[1,2,3,4,5,6]",,0,4984.2738,531.8306321,720
exp1,FBP,FBP,1,"[1,2,3,4,5,6]",,1,17.48426598,17.48426598,720
exp1,FBP,FBP,1,"[1,2,3,4,5,6]",,2,20.01257848,20.01257848,720
exp1,FBP,FBP,1,"[1,2,3,4,5,6]",,3,562.1305803,22.36310177,720
exp1,FBP,FBP,1,"[1,2,3,4,5,6]",,4,59.756938,29.38882476,720
exp1,FBP,FBP,1,"[1,2,3,4,5,6]",,5,99.56030675,37.32707935,720
exp1,FBP,FBP,1,"[1,2,3,4,5,6]",,6,1335.752936,154.2995576,720
exp1,FBP,FBP,1,"[1,2,3,4,5,6]",,0,4646.203512,397.4729911,1440
exp1,FBP,FBP,1,"[1,2,3,4,5,6]",,1,9.312939698,7.300688828,1440
exp1,FBP,FBP,1,"[1,2,3,4,5,6]",,2,0,0.02,1440
exp1,FBP,FBP,1,"[1,2,3,4,5,6]",,3,212.87733,47.84060305,1440
exp1,FBP,FBP,1,"[1,2,3,4,5,6]",,4,46.12242891,17.51773962,1440
exp1,FBP,FBP,1,"[1,2,3,4,5,6]",,5,37.69793181,18.69731815,1440
exp1,FBP,FBP,1,"[1,2,3,4,5,6]",,6,830.0872418,137.8120384,1440
exp1,Fum,Fum,1,"[1,2,3,4]",,0,6013.974959,224.5173418,0
exp1,Fum,Fum,1,"[1,2,3,4]",,1,82.36189684,25.44593513,0
exp1,Fum,Fum,1,"[1,2,3,4]",,2,35.97078524,10.9416617,0
exp1,Fum,Fum,1,"[1,2,3,4]",,3,4.509445897,4.509445897,0
exp1,Fum,Fum,1,"[1,2,3,4]",,4,9.595599727,9.595599727,0
exp1,Fum,Fum,1,"[1,2,3,4]",,0,5342.018147,886.4098617,15
exp1,Fum,Fum,1,"[1,2,3,4]",,1,51.8515545,35.83952641,15
exp1,Fum,Fum,1,"[1,2,3,4]",,2,159.554095,18.51634174,15
exp1,Fum,Fum,1,"[1,2,3,4]",,3,40.94950476,8.658858764,15
exp1,Fum,Fum,1,"[1,2,3,4]",,4,8.47775225,4.395709515,15
exp1,Fum,Fum,1,"[1,2,3,4]",,0,5455.40894,60.30632352,30
exp1,Fum,Fum,1,"[1,2,3,4]",,1,36.56321101,30.30393519,30
exp1,Fum,Fum,1,"[1,2,3,4]",,2,219.1622632,24.25755384,30
exp1,Fum,Fum,1,"[1,2,3,4]",,3,48.06469514,10.11298659,30
exp1,Fum,Fum,1,"[1,2,3,4]",,4,0,0.02,30
exp1,Fum,Fum,1,"[1,2,3,4]",,0,6369.276334,332.2613841,60
exp1,Fum,Fum,1,"[1,2,3,4]",,1,81.39764229,44.71433269,60
exp1,Fum,Fum,1,"[1,2,3,4]",,2,499.476242,5.256930097,60
exp1,Fum,Fum,1,"[1,2,3,4]",,3,64.08617859,7.709721701,60
exp1,Fum,Fum,1,"[1,2,3,4]",,4,15.52787643,7.481294301,60
exp1,Fum,Fum,1,"[1,2,3,4]",,0,7606.557462,291.0220926,240
exp1,Fum,Fum,1,"[1,2,3,4]",,1,160.9865228,49.7023854,240
exp1,Fum,Fum,1,"[1,2,3,4]",,2,707.1639675,68.97105093,240
exp1,Fum,Fum,1,"[1,2,3,4]",,3,234.8135046,25.46148143,240
exp1,Fum,Fum,1,"[1,2,3,4]",,4,50.22534138,1.774881529,240
exp1,Fum,Fum,1,"[1,2,3,4]",,0,8622.038833,246.7974196,720
exp1,Fum,Fum,1,"[1,2,3,4]",,1,368.318585,47.19967139,720
exp1,Fum,Fum,1,"[1,2,3,4]",,2,1642.966046,96.11064257,720
exp1,Fum,Fum,1,"[1,2,3,4]",,3,697.6420931,59.54166195,720
exp1,Fum,Fum,1,"[1,2,3,4]",,4,149.9782234,6.319393448,720
exp1,Fum,Fum,1,"[1,2,3,4]",,0,8266.278336,469.4811996,1440
exp1,Fum,Fum,1,"[1,2,3,4]",,1,431.6202028,33.50876966,1440
exp1,Fum,Fum,1,"[1,2,3,4]",,2,2020.893044,145.6698111,1440
exp1,Fum,Fum,1,"[1,2,3,4]",,3,913.4347054,64.08095694,1440
exp1,Fum,Fum,1,"[1,2,3,4]",,4,236.6477871,15.39794069,1440
exp1,Glc,Glc,1,"[1,2,3,4,5,6]",,0,57697.9718,11994.80677,0
exp1,Glc,Glc,1,"[1,2,3,4,5,6]",,1,231.5514261,69.22564535,0
exp1,Glc,Glc,1,"[1,2,3,4,5,6]",,2,6.804512787,5.19485895,0
exp1,Glc,Glc,1,"[1,2,3,4,5,6]",,3,0,0.02,0
exp1,Glc,Glc,1,"[1,2,3,4,5,6]",,4,0,0.02,0
exp1,Glc,Glc,1,"[1,2,3,4,5,6]",,5,131.5988656,84.39702001,0
exp1,Glc,Glc,1,"[1,2,3,4,5,6]",,6,254.1754958,216.8232622,0
exp1,Glc,Glc,1,"[1,2,3,4,5,6]",,0,38498.30063,3848.957019,15
exp1,Glc,Glc,1,"[1,2,3,4,5,6]",,1,159.158152,90.62815496,15
exp1,Glc,Glc,1,"[1,2,3,4,5,6]",,2,0,0.02,15
exp1,Glc,Glc,1,"[1,2,3,4,5,6]",,3,5.122697213,3.840682598,15
exp1,Glc,Glc,1,"[1,2,3,4,5,6]",,4,35.37796249,25.83549804,15
exp1,Glc,Glc,1,"[1,2,3,4,5,6]",,5,530.3969488,58.31398834,15
exp1,Glc,Glc,1,"[1,2,3,4,5,6]",,6,35142.46113,4709.285949,15
exp1,Glc,Glc,1,"[1,2,3,4,5,6]",,0,40064.96316,5461.529405,30
exp1,Glc,Glc,1,"[1,2,3,4,5,6]",,1,73.26911151,43.2071758,30
exp1,Glc,Glc,1,"[1,2,3,4,5,6]",,2,48.93556127,48.93556127,30
exp1,Glc,Glc,1,"[1,2,3,4,5,6]",,3,26.88983756,14.2749866,30
exp1,Glc,Glc,1,"[1,2,3,4,5,6]",,4,38.69609852,23.42621402,30
exp1,Glc,Glc,1,"[1,2,3,4,5,6]",,5,567.2058505,216.947863,30
exp1,Glc,Glc,1,"[1,2,3,4,5,6]",,6,41619.15462,11123.65253,30
exp1,Glc,Glc,1,"[1,2,3,4,5,6]",,0,31023.0377,1690.399522,60
exp1,Glc,Glc,1,"[1,2,3,4,5,6]",,1,86.89479467,14.32469067,60
exp1,Glc,Glc,1,"[1,2,3,4,5,6]",,2,18.19355452,18.19355452,60
exp1,Glc,Glc,1,"[1,2,3,4,5,6]",,3,18.62956207,9.452905471,60
exp1,Glc,Glc,1,"[1,2,3,4,5,6]",,4,50.21319248,16.49746947,60
exp1,Glc,Glc,1,"[1,2,3,4,5,6]",,5,380.1449613,132.3526693,60
exp1,Glc,Glc,1,"[1,2,3,4,5,6]",,6,35028.85051,4446.822369,60
exp1,Glc,Glc,1,"[1,2,3,4,5,6]",,0,23646.16324,2288.139296,240
exp1,Glc,Glc,1,"[1,2,3,4,5,6]",,1,56.01807794,47.64362935,240
exp1,Glc,Glc,1,"[1,2,3,4,5,6]",,2,0,0.02,240
exp1,Glc,Glc,1,"[1,2,3,4,5,6]",,3,16.29947156,8.151886174,240
exp1,Glc,Glc,1,"[1,2,3,4,5,6]",,4,79.97600477,29.11250017,240
exp1,Glc,Glc,1,"[1,2,3,4,5,6]",,5,433.9254678,49.87388456,240
exp1,Glc,Glc,1,"[1,2,3,4,5,6]",,6,38716.1438,7457.327105,240
exp1,Glc,Glc,1,"[1,2,3,4,5,6]",,0,17014.71899,860.153317,720
exp1,Glc,Glc,1,"[1,2,3,4,5,6]",,1,101.1383584,43.65517751,720
exp1,Glc,Glc,1,"[1,2,3,4,5,6]",,2,103.4235399,61.15341819,720
exp1,Glc,Glc,1,"[1,2,3,4,5,6]",,3,51.52440729,8.332175627,720
exp1,Glc,Glc,1,"[1,2,3,4,5,6]",,4,77.55668839,8.792732022,720
exp1,Glc,Glc,1,"[1,2,3,4,5,6]",,5,450.8680271,92.32527703,720
exp1,Glc,Glc,1,"[1,2,3,4,5,6]",,6,18456.97338,555.1479349,720
exp1,Glc,Glc,1,"[1,2,3,4,5,6]",,0,17413.47103,1179.730215,1440
exp1,Glc,Glc,1,"[1,2,3,4,5,6]",,1,51.73023373,28.38786187,1440
exp1,Glc,Glc,1,"[1,2,3,4,5,6]",,2,13.94661118,7.593502193,1440
exp1,Glc,Glc,1,"[1,2,3,4,5,6]",,3,42.92544773,11.56371066,1440
exp1,Glc,Glc,1,"[1,2,3,4,5,6]",,4,43.49148654,15.13581092,1440
exp1,Glc,Glc,1,"[1,2,3,4,5,6]",,5,200.8075771,45.06171756,1440
exp1,Glc,Glc,1,"[1,2,3,4,5,6]",,6,8287.938618,453.9713901,1440
exp1,ICit,ICit,1,"[1,2,3,4,5,6]",,0,8920.815309,705.2963893,0
exp1,ICit,ICit,1,"[1,2,3,4,5,6]",,1,111.3385754,16.62735086,0
exp1,ICit,ICit,1,"[1,2,3,4,5,6]",,2,41.68518012,16.27202229,0
exp1,ICit,ICit,1,"[1,2,3,4,5,6]",,3,6.32032737,6.32032737,0
exp1,ICit,ICit,1,"[1,2,3,4,5,6]",,4,3.857104008,3.322510102,0
exp1,ICit,ICit,1,"[1,2,3,4,5,6]",,5,0,0.02,0
exp1,ICit,ICit,1,"[1,2,3,4,5,6]",,6,18.43594506,8.787330715,0
exp1,ICit,ICit,1,"[1,2,3,4,5,6]",,0,6448.026765,781.54529,15
exp1,ICit,ICit,1,"[1,2,3,4,5,6]",,1,74.83045497,29.55281606,15
exp1,ICit,ICit,1,"[1,2,3,4,5,6]",,2,3358.216488,355.3010873,15
exp1,ICit,ICit,1,"[1,2,3,4,5,6]",,3,210.5320336,33.24209485,15
exp1,ICit,ICit,1,"[1,2,3,4,5,6]",,4,26.43995242,26.43995242,15
exp1,ICit,ICit,1,"[1,2,3,4,5,6]",,5,346.0445446,93.7483754,15
exp1,ICit,ICit,1,"[1,2,3,4,5,6]",,6,30.2011558,16.98029985,15
exp1,ICit,ICit,1,"[1,2,3,4,5,6]",,0,8354.306181,159.1910296,30
exp1,ICit,ICit,1,"[1,2,3,4,5,6]",,1,123.6519606,48.64136259,30
exp1,ICit,ICit,1,"[1,2,3,4,5,6]",,2,3839.26161,241.844405,30
exp1,ICit,ICit,1,"[1,2,3,4,5,6]",,3,185.2549434,16.69406674,30
exp1,ICit,ICit,1,"[1,2,3,4,5,6]",,4,53.93916667,29.82464461,30
exp1,ICit,ICit,1,"[1,2,3,4,5,6]",,5,361.7972137,34.2187672,30
exp1,ICit,ICit,1,"[1,2,3,4,5,6]",,6,25.41810411,16.04313565,30
exp1,ICit,ICit,1,"[1,2,3,4,5,6]",,0,6202.288209,622.3438238,60
exp1,ICit,ICit,1,"[1,2,3,4,5,6]",,1,182.2452789,49.42150268,60
exp1,ICit,ICit,1,"[1,2,3,4,5,6]",,2,4517.737218,627.7035221,60
exp1,ICit,ICit,1,"[1,2,3,4,5,6]",,3,93.25088693,27.5468176,60
exp1,ICit,ICit,1,"[1,2,3,4,5,6]",,4,15.16447387,6.503146076,60
exp1,ICit,ICit,1,"[1,2,3,4,5,6]",,5,32.8221839,6.809437442,60
exp1,ICit,ICit,1,"[1,2,3,4,5,6]",,6,22.51106442,6.324972069,60
exp1,ICit,ICit,1,"[1,2,3,4,5,6]",,0,8476.338563,526.7637682,240
exp1,ICit,ICit,1,"[1,2,3,4,5,6]",,1,384.8758093,57.30544503,240
exp1,ICit,ICit,1,"[1,2,3,4,5,6]",,2,8423.826445,734.0030706,240
exp1,ICit,ICit,1,"[1,2,3,4,5,6]",,3,392.2676977,85.97389468,240
exp1,ICit,ICit,1,"[1,2,3,4,5,6]",,4,353.2833574,59.56155626,240
exp1,ICit,ICit,1,"[1,2,3,4,5,6]",,5,301.6665084,69.95495582,240
exp1,ICit,ICit,1,"[1,2,3,4,5,6]",,6,41.48814617,6.766522625,240
exp1,ICit,ICit,1,"[1,2,3,4,5,6]",,0,11543.12864,919.8593339,720
exp1,ICit,ICit,1,"[1,2,3,4,5,6]",,1,803.0595466,93.32746665,720
exp1,ICit,ICit,1,"[1,2,3,4,5,6]",,2,16247.41407,1508.297589,720
exp1,ICit,ICit,1,"[1,2,3,4,5,6]",,3,1099.125086,222.7817752,720
exp1,ICit,ICit,1,"[1,2,3,4,5,6]",,4,1448.327876,100.0832933,720
exp1,ICit,ICit,1,"[1,2,3,4,5,6]",,5,836.5679,14.4406666,720
exp1,ICit,ICit,1,"[1,2,3,4,5,6]",,6,180.2799717,61.35170896,720
exp1,ICit,ICit,1,"[1,2,3,4,5,6]",,0,9514.209303,747.3599805,1440
exp1,ICit,ICit,1,"[1,2,3,4,5,6]",,1,863.2529609,59.9265215,1440
exp1,ICit,ICit,1,"[1,2,3,4,5,6]",,2,21798.01718,1211.915194,1440
exp1,ICit,ICit,1,"[1,2,3,4,5,6]",,3,1112.108951,80.65358654,1440
exp1,ICit,ICit,1,"[1,2,3,4,5,6]",,4,2102.161897,194.6965239,1440
exp1,ICit,ICit,1,"[1,2,3,4,5,6]",,5,1051.116271,81.92005581,1440
exp1,ICit,ICit,1,"[1,2,3,4,5,6]",,6,278.8000647,16.51465843,1440
exp1,Mal,Mal,1,"[1,2,3,4]",,0,85217.76357,4462.761518,0
exp1,Mal,Mal,1,"[1,2,3,4]",,1,79.73282286,19.92167153,0
exp1,Mal,Mal,1,"[1,2,3,4]",,2,847.6959786,75.1503711,0
exp1,Mal,Mal,1,"[1,2,3,4]",,3,15.74818436,13.54695365,0
exp1,Mal,Mal,1,"[1,2,3,4]",,4,14.6266792,5.397007282,0
exp1,Mal,Mal,1,"[1,2,3,4]",,0,66849.51533,9006.07063,15
exp1,Mal,Mal,1,"[1,2,3,4]",,1,243.5680349,140.3971768,15
exp1,Mal,Mal,1,"[1,2,3,4]",,2,1854.737605,310.7337434,15
exp1,Mal,Mal,1,"[1,2,3,4]",,3,588.5510505,75.13009456,15
exp1,Mal,Mal,1,"[1,2,3,4]",,4,55.99521567,20.8409186,15
exp1,Mal,Mal,1,"[1,2,3,4]",,0,75528.19194,960.6692367,30
exp1,Mal,Mal,1,"[1,2,3,4]",,1,395.0517294,135.2691432,30
exp1,Mal,Mal,1,"[1,2,3,4]",,2,3765.128776,68.10698785,30
exp1,Mal,Mal,1,"[1,2,3,4]",,3,933.2058627,94.43279888,30
exp1,Mal,Mal,1,"[1,2,3,4]",,4,99.87520492,14.04372817,30
exp1,Mal,Mal,1,"[1,2,3,4]",,0,94433.15431,5388.311649,60
exp1,Mal,Mal,1,"[1,2,3,4]",,1,1982.079056,53.10845316,60
exp1,Mal,Mal,1,"[1,2,3,4]",,2,8076.143311,478.4654715,60
exp1,Mal,Mal,1,"[1,2,3,4]",,3,1537.996143,167.4882378,60
exp1,Mal,Mal,1,"[1,2,3,4]",,4,235.1892031,39.67732745,60
exp1,Mal,Mal,1,"[1,2,3,4]",,0,111969.0734,5494.782508,240
exp1,Mal,Mal,1,"[1,2,3,4]",,1,2649.455811,392.4365652,240
exp1,Mal,Mal,1,"[1,2,3,4]",,2,12659.01064,188.471152,240
exp1,Mal,Mal,1,"[1,2,3,4]",,3,3664.151465,91.10291437,240
exp1,Mal,Mal,1,"[1,2,3,4]",,4,514.2781348,36.53500787,240
exp1,Mal,Mal,1,"[1,2,3,4]",,0,132626.1226,5890.333881,720
exp1,Mal,Mal,1,"[1,2,3,4]",,1,6118.935037,192.4796901,720
exp1,Mal,Mal,1,"[1,2,3,4]",,2,27252.89775,356.3647127,720
exp1,Mal,Mal,1,"[1,2,3,4]",,3,10034.25148,258.6727554,720
exp1,Mal,Mal,1,"[1,2,3,4]",,4,2179.107609,81.43093715,720
exp1,Mal,Mal,1,"[1,2,3,4]",,0,119616.4863,10713.15187,1440
exp1,Mal,Mal,1,"[1,2,3,4]",,1,6282.178512,454.8105734,1440
exp1,Mal,Mal,1,"[1,2,3,4]",,2,31427.6185,2490.370027,1440
exp1,Mal,Mal,1,"[1,2,3,4]",,3,12544.399,1137.738055,1440
exp1,Mal,Mal,1,"[1,2,3,4]",,4,3201.706448,289.2855928,1440
exp1,NAD,NAD,1,"[1,2,3,4,5,6,7,8,9,10,11,12,13,14,15,16,17,18,19,20,21]",,0,3679.813685,112.5436275,0
exp1,NAD,NAD,1,"[1,2,3,4,5,6,7,8,9,10,11,12,13,14,15,16,17,18,19,20,21]",,1,115.1926019,69.18790993,0
exp1,NAD,NAD,1,"[1,2,3,4,5,6,7,8,9,10,11,12,13,14,15,16,17,18,19,20,21]",,2,28.32918182,14.16756875,0
exp1,NAD,NAD,1,"[1,2,3,4,5,6,7,8,9,10,11,12,13,14,15,16,17,18,19,20,21]",,3,13.52645799,12.60574537,0
exp1,NAD,NAD,1,"[1,2,3,4,5,6,7,8,9,10,11,12,13,14,15,16,17,18,19,20,21]",,4,9.99090172,5.379309848,0
exp1,NAD,NAD,1,"[1,2,3,4,5,6,7,8,9,10,11,12,13,14,15,16,17,18,19,20,21]",,5,19.94796577,7.827160025,0
exp1,NAD,NAD,1,"[1,2,3,4,5,6,7,8,9,10,11,12,13,14,15,16,17,18,19,20,21]",,6,7.964645402,2.88556086,0
exp1,NAD,NAD,1,"[1,2,3,4,5,6,7,8,9,10,11,12,13,14,15,16,17,18,19,20,21]",,7,31.30167833,8.191867286,0
exp1,NAD,NAD,1,"[1,2,3,4,5,6,7,8,9,10,11,12,13,14,15,16,17,18,19,20,21]",,8,20.87191716,6.433587409,0
exp1,NAD,NAD,1,"[1,2,3,4,5,6,7,8,9,10,11,12,13,14,15,16,17,18,19,20,21]",,9,13.30556498,0.132460589,0
exp1,NAD,NAD,1,"[1,2,3,4,5,6,7,8,9,10,11,12,13,14,15,16,17,18,19,20,21]",,10,0,0.02,0
exp1,NAD,NAD,1,"[1,2,3,4,5,6,7,8,9,10,11,12,13,14,15,16,17,18,19,20,21]",,11,16.29955693,3.327661859,0
exp1,NAD,NAD,1,"[1,2,3,4,5,6,7,8,9,10,11,12,13,14,15,16,17,18,19,20,21]",,12,6.968755574,5.788762465,0
exp1,NAD,NAD,1,"[1,2,3,4,5,6,7,8,9,10,11,12,13,14,15,16,17,18,19,20,21]",,13,4.364853047,4.364853047,0
exp1,NAD,NAD,1,"[1,2,3,4,5,6,7,8,9,10,11,12,13,14,15,16,17,18,19,20,21]",,14,9.460259203,4.840729733,0
exp1,NAD,NAD,1,"[1,2,3,4,5,6,7,8,9,10,11,12,13,14,15,16,17,18,19,20,21]",,15,0,0.02,0
exp1,NAD,NAD,1,"[1,2,3,4,5,6,7,8,9,10,11,12,13,14,15,16,17,18,19,20,21]",,16,3.69787329,3.69787329,0
exp1,NAD,NAD,1,"[1,2,3,4,5,6,7,8,9,10,11,12,13,14,15,16,17,18,19,20,21]",,17,14.28976314,8.469476139,0
exp1,NAD,NAD,1,"[1,2,3,4,5,6,7,8,9,10,11,12,13,14,15,16,17,18,19,20,21]",,18,3.350012317,2.654623704,0
exp1,NAD,NAD,1,"[1,2,3,4,5,6,7,8,9,10,11,12,13,14,15,16,17,18,19,20,21]",,19,4.40108356,4.40108356,0
exp1,NAD,NAD,1,"[1,2,3,4,5,6,7,8,9,10,11,12,13,14,15,16,17,18,19,20,21]",,20,0,0.02,0
exp1,NAD,NAD,1,"[1,2,3,4,5,6,7,8,9,10,11,12,13,14,15,16,17,18,19,20,21]",,21,10.29213126,10.29213126,0
exp1,NAD,NAD,1,"[1,2,3,4,5,6,7,8,9,10,11,12,13,14,15,16,17,18,19,20,21]",,0,5411.792497,558.2520437,15
exp1,NAD,NAD,1,"[1,2,3,4,5,6,7,8,9,10,11,12,13,14,15,16,17,18,19,20,21]",,1,16.0844419,16.0844419,15
exp1,NAD,NAD,1,"[1,2,3,4,5,6,7,8,9,10,11,12,13,14,15,16,17,18,19,20,21]",,2,76.8844342,38.91385382,15
exp1,NAD,NAD,1,"[1,2,3,4,5,6,7,8,9,10,11,12,13,14,15,16,17,18,19,20,21]",,3,14.19361585,14.19361585,15
exp1,NAD,NAD,1,"[1,2,3,4,5,6,7,8,9,10,11,12,13,14,15,16,17,18,19,20,21]",,4,18.90977711,2.885076264,15
exp1,NAD,NAD,1,"[1,2,3,4,5,6,7,8,9,10,11,12,13,14,15,16,17,18,19,20,21]",,5,16.13933674,2.157473106,15
exp1,NAD,NAD,1,"[1,2,3,4,5,6,7,8,9,10,11,12,13,14,15,16,17,18,19,20,21]",,6,16.64735652,9.443223766,15
exp1,NAD,NAD,1,"[1,2,3,4,5,6,7,8,9,10,11,12,13,14,15,16,17,18,19,20,21]",,7,11.79175766,6.9929968,15
exp1,NAD,NAD,1,"[1,2,3,4,5,6,7,8,9,10,11,12,13,14,15,16,17,18,19,20,21]",,8,14.06270139,9.97115821,15
exp1,NAD,NAD,1,"[1,2,3,4,5,6,7,8,9,10,11,12,13,14,15,16,17,18,19,20,21]",,9,0,0.02,15
exp1,NAD,NAD,1,"[1,2,3,4,5,6,7,8,9,10,11,12,13,14,15,16,17,18,19,20,21]",,10,10.21649719,7.277914438,15
exp1,NAD,NAD,1,"[1,2,3,4,5,6,7,8,9,10,11,12,13,14,15,16,17,18,19,20,21]",,11,19.66410792,9.953271533,15
exp1,NAD,NAD,1,"[1,2,3,4,5,6,7,8,9,10,11,12,13,14,15,16,17,18,19,20,21]",,12,5.72648567,5.72648567,15
exp1,NAD,NAD,1,"[1,2,3,4,5,6,7,8,9,10,11,12,13,14,15,16,17,18,19,20,21]",,13,1.659022768,1.659022768,15
exp1,NAD,NAD,1,"[1,2,3,4,5,6,7,8,9,10,11,12,13,14,15,16,17,18,19,20,21]",,14,13.0349043,1.538336052,15
exp1,NAD,NAD,1,"[1,2,3,4,5,6,7,8,9,10,11,12,13,14,15,16,17,18,19,20,21]",,15,11.59750067,5.842773262,15
exp1,NAD,NAD,1,"[1,2,3,4,5,6,7,8,9,10,11,12,13,14,15,16,17,18,19,20,21]",,16,12.22477827,8.146848932,15
exp1,NAD,NAD,1,"[1,2,3,4,5,6,7,8,9,10,11,12,13,14,15,16,17,18,19,20,21]",,17,18.32167989,1.437366579,15
exp1,NAD,NAD,1,"[1,2,3,4,5,6,7,8,9,10,11,12,13,14,15,16,17,18,19,20,21]",,18,2.836031192,2.836031192,15
exp1,NAD,NAD,1,"[1,2,3,4,5,6,7,8,9,10,11,12,13,14,15,16,17,18,19,20,21]",,19,14.1216713,6.282346999,15
exp1,NAD,NAD,1,"[1,2,3,4,5,6,7,8,9,10,11,12,13,14,15,16,17,18,19,20,21]",,20,0,0.02,15
exp1,NAD,NAD,1,"[1,2,3,4,5,6,7,8,9,10,11,12,13,14,15,16,17,18,19,20,21]",,21,0,0.02,15
exp1,NAD,NAD,1,"[1,2,3,4,5,6,7,8,9,10,11,12,13,14,15,16,17,18,19,20,21]",,0,5975.701574,401.9367598,30
exp1,NAD,NAD,1,"[1,2,3,4,5,6,7,8,9,10,11,12,13,14,15,16,17,18,19,20,21]",,1,0,0.02,30
exp1,NAD,NAD,1,"[1,2,3,4,5,6,7,8,9,10,11,12,13,14,15,16,17,18,19,20,21]",,2,128.3931685,42.49394024,30
exp1,NAD,NAD,1,"[1,2,3,4,5,6,7,8,9,10,11,12,13,14,15,16,17,18,19,20,21]",,3,7.836926492,5.747093209,30
exp1,NAD,NAD,1,"[1,2,3,4,5,6,7,8,9,10,11,12,13,14,15,16,17,18,19,20,21]",,4,38.52562614,3.340015246,30
exp1,NAD,NAD,1,"[1,2,3,4,5,6,7,8,9,10,11,12,13,14,15,16,17,18,19,20,21]",,5,31.14939577,11.06116262,30
exp1,NAD,NAD,1,"[1,2,3,4,5,6,7,8,9,10,11,12,13,14,15,16,17,18,19,20,21]",,6,8.786426696,7.467462586,30
exp1,NAD,NAD,1,"[1,2,3,4,5,6,7,8,9,10,11,12,13,14,15,16,17,18,19,20,21]",,7,7.926796143,7.926796143,30
exp1,NAD,NAD,1,"[1,2,3,4,5,6,7,8,9,10,11,12,13,14,15,16,17,18,19,20,21]",,8,1.470834064,0.909484225,30
exp1,NAD,NAD,1,"[1,2,3,4,5,6,7,8,9,10,11,12,13,14,15,16,17,18,19,20,21]",,9,13.05794497,6.75157535,30
exp1,NAD,NAD,1,"[1,2,3,4,5,6,7,8,9,10,11,12,13,14,15,16,17,18,19,20,21]",,10,8.821799513,4.522115348,30
exp1,NAD,NAD,1,"[1,2,3,4,5,6,7,8,9,10,11,12,13,14,15,16,17,18,19,20,21]",,11,15.87570098,12.20011021,30
exp1,NAD,NAD,1,"[1,2,3,4,5,6,7,8,9,10,11,12,13,14,15,16,17,18,19,20,21]",,12,11.79513327,6.082969921,30
exp1,NAD,NAD,1,"[1,2,3,4,5,6,7,8,9,10,11,12,13,14,15,16,17,18,19,20,21]",,13,1.325571622,1.325571622,30
exp1,NAD,NAD,1,"[1,2,3,4,5,6,7,8,9,10,11,12,13,14,15,16,17,18,19,20,21]",,14,8.851291167,5.10579206,30
exp1,NAD,NAD,1,"[1,2,3,4,5,6,7,8,9,10,11,12,13,14,15,16,17,18,19,20,21]",,15,0,0.02,30
exp1,NAD,NAD,1,"[1,2,3,4,5,6,7,8,9,10,11,12,13,14,15,16,17,18,19,20,21]",,16,24.58220463,12.45064192,30
exp1,NAD,NAD,1,"[1,2,3,4,5,6,7,8,9,10,11,12,13,14,15,16,17,18,19,20,21]",,17,4.36674886,4.36674886,30
exp1,NAD,NAD,1,"[1,2,3,4,5,6,7,8,9,10,11,12,13,14,15,16,17,18,19,20,21]",,18,1.488713827,1.488713827,30
exp1,NAD,NAD,1,"[1,2,3,4,5,6,7,8,9,10,11,12,13,14,15,16,17,18,19,20,21]",,19,8.51953839,8.51953839,30
exp1,NAD,NAD,1,"[1,2,3,4,5,6,7,8,9,10,11,12,13,14,15,16,17,18,19,20,21]",,20,0,0.02,30
exp1,NAD,NAD,1,"[1,2,3,4,5,6,7,8,9,10,11,12,13,14,15,16,17,18,19,20,21]",,21,6.16695107,6.16695107,30
exp1,NAD,NAD,1,"[1,2,3,4,5,6,7,8,9,10,11,12,13,14,15,16,17,18,19,20,21]",,0,7063.254367,235.5136867,60
exp1,NAD,NAD,1,"[1,2,3,4,5,6,7,8,9,10,11,12,13,14,15,16,17,18,19,20,21]",,1,4.511765337,4.511765337,60
exp1,NAD,NAD,1,"[1,2,3,4,5,6,7,8,9,10,11,12,13,14,15,16,17,18,19,20,21]",,2,241.8272095,58.85846475,60
exp1,NAD,NAD,1,"[1,2,3,4,5,6,7,8,9,10,11,12,13,14,15,16,17,18,19,20,21]",,3,2.403982121,2.403982121,60
exp1,NAD,NAD,1,"[1,2,3,4,5,6,7,8,9,10,11,12,13,14,15,16,17,18,19,20,21]",,4,9.989807297,9.989807297,60
exp1,NAD,NAD,1,"[1,2,3,4,5,6,7,8,9,10,11,12,13,14,15,16,17,18,19,20,21]",,5,143.7232937,41.90547842,60
exp1,NAD,NAD,1,"[1,2,3,4,5,6,7,8,9,10,11,12,13,14,15,16,17,18,19,20,21]",,6,15.01062483,7.629226829,60
exp1,NAD,NAD,1,"[1,2,3,4,5,6,7,8,9,10,11,12,13,14,15,16,17,18,19,20,21]",,7,4.97240109,4.97240109,60
exp1,NAD,NAD,1,"[1,2,3,4,5,6,7,8,9,10,11,12,13,14,15,16,17,18,19,20,21]",,8,59.26097475,7.563991924,60
exp1,NAD,NAD,1,"[1,2,3,4,5,6,7,8,9,10,11,12,13,14,15,16,17,18,19,20,21]",,9,6.654011345,3.818582221,60
exp1,NAD,NAD,1,"[1,2,3,4,5,6,7,8,9,10,11,12,13,14,15,16,17,18,19,20,21]",,10,12.23028785,6.654205653,60
exp1,NAD,NAD,1,"[1,2,3,4,5,6,7,8,9,10,11,12,13,14,15,16,17,18,19,20,21]",,11,10.12774673,5.136696926,60
exp1,NAD,NAD,1,"[1,2,3,4,5,6,7,8,9,10,11,12,13,14,15,16,17,18,19,20,21]",,12,17.76772371,17.76772371,60
exp1,NAD,NAD,1,"[1,2,3,4,5,6,7,8,9,10,11,12,13,14,15,16,17,18,19,20,21]",,13,8.3217195,8.3217195,60
exp1,NAD,NAD,1,"[1,2,3,4,5,6,7,8,9,10,11,12,13,14,15,16,17,18,19,20,21]",,14,24.0806362,10.40286805,60
exp1,NAD,NAD,1,"[1,2,3,4,5,6,7,8,9,10,11,12,13,14,15,16,17,18,19,20,21]",,15,9.378498563,5.302301676,60
exp1,NAD,NAD,1,"[1,2,3,4,5,6,7,8,9,10,11,12,13,14,15,16,17,18,19,20,21]",,16,5.989423928,4.167653889,60
exp1,NAD,NAD,1,"[1,2,3,4,5,6,7,8,9,10,11,12,13,14,15,16,17,18,19,20,21]",,17,0.983363713,0.983363713,60
exp1,NAD,NAD,1,"[1,2,3,4,5,6,7,8,9,10,11,12,13,14,15,16,17,18,19,20,21]",,18,0,0.02,60
exp1,NAD,NAD,1,"[1,2,3,4,5,6,7,8,9,10,11,12,13,14,15,16,17,18,19,20,21]",,19,9.262200209,3.321841038,60
exp1,NAD,NAD,1,"[1,2,3,4,5,6,7,8,9,10,11,12,13,14,15,16,17,18,19,20,21]",,20,2.382052244,2.382052244,60
exp1,NAD,NAD,1,"[1,2,3,4,5,6,7,8,9,10,11,12,13,14,15,16,17,18,19,20,21]",,21,0,0.02,60
exp1,NAD,NAD,1,"[1,2,3,4,5,6,7,8,9,10,11,12,13,14,15,16,17,18,19,20,21]",,0,4334.929365,678.2905334,240
exp1,NAD,NAD,1,"[1,2,3,4,5,6,7,8,9,10,11,12,13,14,15,16,17,18,19,20,21]",,1,16.19007119,16.19007119,240
exp1,NAD,NAD,1,"[1,2,3,4,5,6,7,8,9,10,11,12,13,14,15,16,17,18,19,20,21]",,2,188.8988576,65.59455444,240
exp1,NAD,NAD,1,"[1,2,3,4,5,6,7,8,9,10,11,12,13,14,15,16,17,18,19,20,21]",,3,68.82730483,10.81107943,240
exp1,NAD,NAD,1,"[1,2,3,4,5,6,7,8,9,10,11,12,13,14,15,16,17,18,19,20,21]",,4,40.78570407,22.83556172,240
exp1,NAD,NAD,1,"[1,2,3,4,5,6,7,8,9,10,11,12,13,14,15,16,17,18,19,20,21]",,5,842.0198413,152.0144531,240
exp1,NAD,NAD,1,"[1,2,3,4,5,6,7,8,9,10,11,12,13,14,15,16,17,18,19,20,21]",,6,0,0.02,240
exp1,NAD,NAD,1,"[1,2,3,4,5,6,7,8,9,10,11,12,13,14,15,16,17,18,19,20,21]",,7,32.09712745,30.51243426,240
exp1,NAD,NAD,1,"[1,2,3,4,5,6,7,8,9,10,11,12,13,14,15,16,17,18,19,20,21]",,8,39.82812582,10.10455378,240
exp1,NAD,NAD,1,"[1,2,3,4,5,6,7,8,9,10,11,12,13,14,15,16,17,18,19,20,21]",,9,27.48865904,7.196994976,240
exp1,NAD,NAD,1,"[1,2,3,4,5,6,7,8,9,10,11,12,13,14,15,16,17,18,19,20,21]",,10,213.9944778,75.35083667,240
exp1,NAD,NAD,1,"[1,2,3,4,5,6,7,8,9,10,11,12,13,14,15,16,17,18,19,20,21]",,11,11.29446264,4.343266481,240
exp1,NAD,NAD,1,"[1,2,3,4,5,6,7,8,9,10,11,12,13,14,15,16,17,18,19,20,21]",,12,10.52223487,6.058852822,240
exp1,NAD,NAD,1,"[1,2,3,4,5,6,7,8,9,10,11,12,13,14,15,16,17,18,19,20,21]",,13,15.58013779,3.443025066,240
exp1,NAD,NAD,1,"[1,2,3,4,5,6,7,8,9,10,11,12,13,14,15,16,17,18,19,20,21]",,14,6.579947576,3.340914815,240
exp1,NAD,NAD,1,"[1,2,3,4,5,6,7,8,9,10,11,12,13,14,15,16,17,18,19,20,21]",,15,7.89970712,4.901875485,240
exp1,NAD,NAD,1,"[1,2,3,4,5,6,7,8,9,10,11,12,13,14,15,16,17,18,19,20,21]",,16,8.112368406,5.597265637,240
exp1,NAD,NAD,1,"[1,2,3,4,5,6,7,8,9,10,11,12,13,14,15,16,17,18,19,20,21]",,17,20.58347829,8.407066854,240
exp1,NAD,NAD,1,"[1,2,3,4,5,6,7,8,9,10,11,12,13,14,15,16,17,18,19,20,21]",,18,5.283594306,3.747180097,240
exp1,NAD,NAD,1,"[1,2,3,4,5,6,7,8,9,10,11,12,13,14,15,16,17,18,19,20,21]",,19,6.924387577,3.547991958,240
exp1,NAD,NAD,1,"[1,2,3,4,5,6,7,8,9,10,11,12,13,14,15,16,17,18,19,20,21]",,20,1.473295858,1.473295858,240
exp1,NAD,NAD,1,"[1,2,3,4,5,6,7,8,9,10,11,12,13,14,15,16,17,18,19,20,21]",,21,0,0.02,240
exp1,NAD,NAD,1,"[1,2,3,4,5,6,7,8,9,10,11,12,13,14,15,16,17,18,19,20,21]",,0,2679.772204,278.4248036,720
exp1,NAD,NAD,1,"[1,2,3,4,5,6,7,8,9,10,11,12,13,14,15,16,17,18,19,20,21]",,1,35.6040606,20.2508299,720
exp1,NAD,NAD,1,"[1,2,3,4,5,6,7,8,9,10,11,12,13,14,15,16,17,18,19,20,21]",,2,163.7458762,22.12859776,720
exp1,NAD,NAD,1,"[1,2,3,4,5,6,7,8,9,10,11,12,13,14,15,16,17,18,19,20,21]",,3,87.18075145,35.80239413,720
exp1,NAD,NAD,1,"[1,2,3,4,5,6,7,8,9,10,11,12,13,14,15,16,17,18,19,20,21]",,4,53.19107907,24.18949158,720
exp1,NAD,NAD,1,"[1,2,3,4,5,6,7,8,9,10,11,12,13,14,15,16,17,18,19,20,21]",,5,1700.939631,194.0085424,720
exp1,NAD,NAD,1,"[1,2,3,4,5,6,7,8,9,10,11,12,13,14,15,16,17,18,19,20,21]",,6,35.79365967,35.79365967,720
exp1,NAD,NAD,1,"[1,2,3,4,5,6,7,8,9,10,11,12,13,14,15,16,17,18,19,20,21]",,7,220.8466261,70.85607305,720
exp1,NAD,NAD,1,"[1,2,3,4,5,6,7,8,9,10,11,12,13,14,15,16,17,18,19,20,21]",,8,257.3087705,19.18343338,720
exp1,NAD,NAD,1,"[1,2,3,4,5,6,7,8,9,10,11,12,13,14,15,16,17,18,19,20,21]",,9,213.5309609,61.34203846,720
exp1,NAD,NAD,1,"[1,2,3,4,5,6,7,8,9,10,11,12,13,14,15,16,17,18,19,20,21]",,10,1481.457482,171.6452481,720
exp1,NAD,NAD,1,"[1,2,3,4,5,6,7,8,9,10,11,12,13,14,15,16,17,18,19,20,21]",,11,34.54768253,34.54768253,720
exp1,NAD,NAD,1,"[1,2,3,4,5,6,7,8,9,10,11,12,13,14,15,16,17,18,19,20,21]",,12,24.40448636,11.73705121,720
exp1,NAD,NAD,1,"[1,2,3,4,5,6,7,8,9,10,11,12,13,14,15,16,17,18,19,20,21]",,13,21.25472625,14.66670573,720
exp1,NAD,NAD,1,"[1,2,3,4,5,6,7,8,9,10,11,12,13,14,15,16,17,18,19,20,21]",,14,22.51601359,14.82609526,720
exp1,NAD,NAD,1,"[1,2,3,4,5,6,7,8,9,10,11,12,13,14,15,16,17,18,19,20,21]",,15,12.40350836,7.121923565,720
exp1,NAD,NAD,1,"[1,2,3,4,5,6,7,8,9,10,11,12,13,14,15,16,17,18,19,20,21]",,16,15.94735273,1.33738578,720
exp1,NAD,NAD,1,"[1,2,3,4,5,6,7,8,9,10,11,12,13,14,15,16,17,18,19,20,21]",,17,8.800260473,4.577226218,720
exp1,NAD,NAD,1,"[1,2,3,4,5,6,7,8,9,10,11,12,13,14,15,16,17,18,19,20,21]",,18,8.199333007,4.285949151,720
exp1,NAD,NAD,1,"[1,2,3,4,5,6,7,8,9,10,11,12,13,14,15,16,17,18,19,20,21]",,19,0,0.02,720
exp1,NAD,NAD,1,"[1,2,3,4,5,6,7,8,9,10,11,12,13,14,15,16,17,18,19,20,21]",,20,12.59712367,12.59712367,720
exp1,NAD,NAD,1,"[1,2,3,4,5,6,7,8,9,10,11,12,13,14,15,16,17,18,19,20,21]",,21,0,0.02,720
exp1,NAD,NAD,1,"[1,2,3,4,5,6,7,8,9,10,11,12,13,14,15,16,17,18,19,20,21]",,0,1417.860095,179.1945779,1440
exp1,NAD,NAD,1,"[1,2,3,4,5,6,7,8,9,10,11,12,13,14,15,16,17,18,19,20,21]",,1,0,0.02,1440
exp1,NAD,NAD,1,"[1,2,3,4,5,6,7,8,9,10,11,12,13,14,15,16,17,18,19,20,21]",,2,133.9171062,79.05716707,1440
exp1,NAD,NAD,1,"[1,2,3,4,5,6,7,8,9,10,11,12,13,14,15,16,17,18,19,20,21]",,3,95.94704845,46.57972427,1440
exp1,NAD,NAD,1,"[1,2,3,4,5,6,7,8,9,10,11,12,13,14,15,16,17,18,19,20,21]",,4,83.85356297,33.9781693,1440
exp1,NAD,NAD,1,"[1,2,3,4,5,6,7,8,9,10,11,12,13,14,15,16,17,18,19,20,21]",,5,2013.366394,280.1374458,1440
exp1,NAD,NAD,1,"[1,2,3,4,5,6,7,8,9,10,11,12,13,14,15,16,17,18,19,20,21]",,6,69.01873393,34.88069296,1440
exp1,NAD,NAD,1,"[1,2,3,4,5,6,7,8,9,10,11,12,13,14,15,16,17,18,19,20,21]",,7,840.3607154,243.0828834,1440
exp1,NAD,NAD,1,"[1,2,3,4,5,6,7,8,9,10,11,12,13,14,15,16,17,18,19,20,21]",,8,820.1424963,73.70015227,1440
exp1,NAD,NAD,1,"[1,2,3,4,5,6,7,8,9,10,11,12,13,14,15,16,17,18,19,20,21]",,9,608.0967681,64.12369473,1440
exp1,NAD,NAD,1,"[1,2,3,4,5,6,7,8,9,10,11,12,13,14,15,16,17,18,19,20,21]",,10,4871.833109,957.291618,1440
exp1,NAD,NAD,1,"[1,2,3,4,5,6,7,8,9,10,11,12,13,14,15,16,17,18,19,20,21]",,11,301.1132974,49.34606132,1440
exp1,NAD,NAD,1,"[1,2,3,4,5,6,7,8,9,10,11,12,13,14,15,16,17,18,19,20,21]",,12,70.8089791,64.01090528,1440
exp1,NAD,NAD,1,"[1,2,3,4,5,6,7,8,9,10,11,12,13,14,15,16,17,18,19,20,21]",,13,46.46528486,23.82113071,1440
exp1,NAD,NAD,1,"[1,2,3,4,5,6,7,8,9,10,11,12,13,14,15,16,17,18,19,20,21]",,14,9.164293804,5.374089008,1440
exp1,NAD,NAD,1,"[1,2,3,4,5,6,7,8,9,10,11,12,13,14,15,16,17,18,19,20,21]",,15,28.04697136,9.528518829,1440
exp1,NAD,NAD,1,"[1,2,3,4,5,6,7,8,9,10,11,12,13,14,15,16,17,18,19,20,21]",,16,15.60061964,6.170453411,1440
exp1,NAD,NAD,1,"[1,2,3,4,5,6,7,8,9,10,11,12,13,14,15,16,17,18,19,20,21]",,17,13.32955736,6.666295301,1440
exp1,NAD,NAD,1,"[1,2,3,4,5,6,7,8,9,10,11,12,13,14,15,16,17,18,19,20,21]",,18,12.73619329,6.691118477,1440
exp1,NAD,NAD,1,"[1,2,3,4,5,6,7,8,9,10,11,12,13,14,15,16,17,18,19,20,21]",,19,8.22125807,8.22125807,1440
exp1,NAD,NAD,1,"[1,2,3,4,5,6,7,8,9,10,11,12,13,14,15,16,17,18,19,20,21]",,20,0,0.02,1440
exp1,NAD,NAD,1,"[1,2,3,4,5,6,7,8,9,10,11,12,13,14,15,16,17,18,19,20,21]",,21,0,0.02,1440
exp1,NADH,NADH,1,"[1,2,3,4,5,6,7,8,9,10,11,12,13,14,15,16,17,18,19,20,21]",,0,3871.544889,196.1618878,0
exp1,NADH,NADH,1,"[1,2,3,4,5,6,7,8,9,10,11,12,13,14,15,16,17,18,19,20,21]",,1,51.95523402,40.29122864,0
exp1,NADH,NADH,1,"[1,2,3,4,5,6,7,8,9,10,11,12,13,14,15,16,17,18,19,20,21]",,2,83.79497179,28.1505335,0
exp1,NADH,NADH,1,"[1,2,3,4,5,6,7,8,9,10,11,12,13,14,15,16,17,18,19,20,21]",,3,2.091075075,2.091075075,0
exp1,NADH,NADH,1,"[1,2,3,4,5,6,7,8,9,10,11,12,13,14,15,16,17,18,19,20,21]",,4,190.33765,88.90731359,0
exp1,NADH,NADH,1,"[1,2,3,4,5,6,7,8,9,10,11,12,13,14,15,16,17,18,19,20,21]",,5,31.29993219,13.76469634,0
exp1,NADH,NADH,1,"[1,2,3,4,5,6,7,8,9,10,11,12,13,14,15,16,17,18,19,20,21]",,6,6.354088227,3.183899817,0
exp1,NADH,NADH,1,"[1,2,3,4,5,6,7,8,9,10,11,12,13,14,15,16,17,18,19,20,21]",,7,11.72403847,6.456924541,0
exp1,NADH,NADH,1,"[1,2,3,4,5,6,7,8,9,10,11,12,13,14,15,16,17,18,19,20,21]",,8,21.42210486,10.71321528,0
exp1,NADH,NADH,1,"[1,2,3,4,5,6,7,8,9,10,11,12,13,14,15,16,17,18,19,20,21]",,9,18.69069434,2.586059909,0
exp1,NADH,NADH,1,"[1,2,3,4,5,6,7,8,9,10,11,12,13,14,15,16,17,18,19,20,21]",,10,5.493613804,2.797579438,0
exp1,NADH,NADH,1,"[1,2,3,4,5,6,7,8,9,10,11,12,13,14,15,16,17,18,19,20,21]",,11,0,0.02,0
exp1,NADH,NADH,1,"[1,2,3,4,5,6,7,8,9,10,11,12,13,14,15,16,17,18,19,20,21]",,12,33.82218272,8.105868943,0
exp1,NADH,NADH,1,"[1,2,3,4,5,6,7,8,9,10,11,12,13,14,15,16,17,18,19,20,21]",,13,8.390999243,8.390999243,0
exp1,NADH,NADH,1,"[1,2,3,4,5,6,7,8,9,10,11,12,13,14,15,16,17,18,19,20,21]",,14,3.481431513,3.481431513,0
exp1,NADH,NADH,1,"[1,2,3,4,5,6,7,8,9,10,11,12,13,14,15,16,17,18,19,20,21]",,15,7.229971043,7.229971043,0
exp1,NADH,NADH,1,"[1,2,3,4,5,6,7,8,9,10,11,12,13,14,15,16,17,18,19,20,21]",,16,1.847468245,1.847468245,0
exp1,NADH,NADH,1,"[1,2,3,4,5,6,7,8,9,10,11,12,13,14,15,16,17,18,19,20,21]",,17,10.27623018,5.256679814,0
exp1,NADH,NADH,1,"[1,2,3,4,5,6,7,8,9,10,11,12,13,14,15,16,17,18,19,20,21]",,18,7.74987641,7.74987641,0
exp1,NADH,NADH,1,"[1,2,3,4,5,6,7,8,9,10,11,12,13,14,15,16,17,18,19,20,21]",,19,12.47436303,4.13130639,0
exp1,NADH,NADH,1,"[1,2,3,4,5,6,7,8,9,10,11,12,13,14,15,16,17,18,19,20,21]",,20,16.54194764,8.27308456,0
exp1,NADH,NADH,1,"[1,2,3,4,5,6,7,8,9,10,11,12,13,14,15,16,17,18,19,20,21]",,21,3.662970207,3.662970207,0
exp1,NADH,NADH,1,"[1,2,3,4,5,6,7,8,9,10,11,12,13,14,15,16,17,18,19,20,21]",,0,6183.50229,475.8323303,15
exp1,NADH,NADH,1,"[1,2,3,4,5,6,7,8,9,10,11,12,13,14,15,16,17,18,19,20,21]",,1,116.7634085,58.39973821,15
exp1,NADH,NADH,1,"[1,2,3,4,5,6,7,8,9,10,11,12,13,14,15,16,17,18,19,20,21]",,2,67.3585553,17.19026807,15
exp1,NADH,NADH,1,"[1,2,3,4,5,6,7,8,9,10,11,12,13,14,15,16,17,18,19,20,21]",,3,0,0.02,15
exp1,NADH,NADH,1,"[1,2,3,4,5,6,7,8,9,10,11,12,13,14,15,16,17,18,19,20,21]",,4,240.7677926,44.351237,15
exp1,NADH,NADH,1,"[1,2,3,4,5,6,7,8,9,10,11,12,13,14,15,16,17,18,19,20,21]",,5,38.1321433,19.16753583,15
exp1,NADH,NADH,1,"[1,2,3,4,5,6,7,8,9,10,11,12,13,14,15,16,17,18,19,20,21]",,6,3.923294183,3.923294183,15
exp1,NADH,NADH,1,"[1,2,3,4,5,6,7,8,9,10,11,12,13,14,15,16,17,18,19,20,21]",,7,9.348933417,4.894764205,15
exp1,NADH,NADH,1,"[1,2,3,4,5,6,7,8,9,10,11,12,13,14,15,16,17,18,19,20,21]",,8,7.078428977,7.078428977,15
exp1,NADH,NADH,1,"[1,2,3,4,5,6,7,8,9,10,11,12,13,14,15,16,17,18,19,20,21]",,9,23.96930555,6.015341908,15
exp1,NADH,NADH,1,"[1,2,3,4,5,6,7,8,9,10,11,12,13,14,15,16,17,18,19,20,21]",,10,6.296344853,6.296344853,15
exp1,NADH,NADH,1,"[1,2,3,4,5,6,7,8,9,10,11,12,13,14,15,16,17,18,19,20,21]",,11,6.575675363,3.729067432,15
exp1,NADH,NADH,1,"[1,2,3,4,5,6,7,8,9,10,11,12,13,14,15,16,17,18,19,20,21]",,12,47.21383544,9.13544131,15
exp1,NADH,NADH,1,"[1,2,3,4,5,6,7,8,9,10,11,12,13,14,15,16,17,18,19,20,21]",,13,15.08226409,4.514740506,15
exp1,NADH,NADH,1,"[1,2,3,4,5,6,7,8,9,10,11,12,13,14,15,16,17,18,19,20,21]",,14,16.3681937,9.805644135,15
exp1,NADH,NADH,1,"[1,2,3,4,5,6,7,8,9,10,11,12,13,14,15,16,17,18,19,20,21]",,15,3.218239249,3.218239249,15
exp1,NADH,NADH,1,"[1,2,3,4,5,6,7,8,9,10,11,12,13,14,15,16,17,18,19,20,21]",,16,10.88529466,6.227689746,15
exp1,NADH,NADH,1,"[1,2,3,4,5,6,7,8,9,10,11,12,13,14,15,16,17,18,19,20,21]",,17,0,0.02,15
exp1,NADH,NADH,1,"[1,2,3,4,5,6,7,8,9,10,11,12,13,14,15,16,17,18,19,20,21]",,18,8.584538853,4.295782536,15
exp1,NADH,NADH,1,"[1,2,3,4,5,6,7,8,9,10,11,12,13,14,15,16,17,18,19,20,21]",,19,14.2565546,4.162079218,15
exp1,NADH,NADH,1,"[1,2,3,4,5,6,7,8,9,10,11,12,13,14,15,16,17,18,19,20,21]",,20,11.48364417,11.48364417,15
exp1,NADH,NADH,1,"[1,2,3,4,5,6,7,8,9,10,11,12,13,14,15,16,17,18,19,20,21]",,21,6.339830682,5.12799859,15
exp1,NADH,NADH,1,"[1,2,3,4,5,6,7,8,9,10,11,12,13,14,15,16,17,18,19,20,21]",,0,6266.491324,149.8572533,30
exp1,NADH,NADH,1,"[1,2,3,4,5,6,7,8,9,10,11,12,13,14,15,16,17,18,19,20,21]",,1,34.5903482,34.5903482,30
exp1,NADH,NADH,1,"[1,2,3,4,5,6,7,8,9,10,11,12,13,14,15,16,17,18,19,20,21]",,2,182.1303818,127.2709262,30
exp1,NADH,NADH,1,"[1,2,3,4,5,6,7,8,9,10,11,12,13,14,15,16,17,18,19,20,21]",,3,6.583209659,4.411052197,30
exp1,NADH,NADH,1,"[1,2,3,4,5,6,7,8,9,10,11,12,13,14,15,16,17,18,19,20,21]",,4,189.3064379,29.90994018,30
exp1,NADH,NADH,1,"[1,2,3,4,5,6,7,8,9,10,11,12,13,14,15,16,17,18,19,20,21]",,5,68.4264616,14.47015006,30
exp1,NADH,NADH,1,"[1,2,3,4,5,6,7,8,9,10,11,12,13,14,15,16,17,18,19,20,21]",,6,5.846884773,5.846884773,30
exp1,NADH,NADH,1,"[1,2,3,4,5,6,7,8,9,10,11,12,13,14,15,16,17,18,19,20,21]",,7,18.67373285,10.18803287,30
exp1,NADH,NADH,1,"[1,2,3,4,5,6,7,8,9,10,11,12,13,14,15,16,17,18,19,20,21]",,8,14.06396518,10.71299411,30
exp1,NADH,NADH,1,"[1,2,3,4,5,6,7,8,9,10,11,12,13,14,15,16,17,18,19,20,21]",,9,24.16450197,3.711195354,30
exp1,NADH,NADH,1,"[1,2,3,4,5,6,7,8,9,10,11,12,13,14,15,16,17,18,19,20,21]",,10,10.61551343,10.61551343,30
exp1,NADH,NADH,1,"[1,2,3,4,5,6,7,8,9,10,11,12,13,14,15,16,17,18,19,20,21]",,11,14.77479878,2.289559058,30
exp1,NADH,NADH,1,"[1,2,3,4,5,6,7,8,9,10,11,12,13,14,15,16,17,18,19,20,21]",,12,10.79381511,6.501174415,30
exp1,NADH,NADH,1,"[1,2,3,4,5,6,7,8,9,10,11,12,13,14,15,16,17,18,19,20,21]",,13,8.74417797,6.296431511,30
exp1,NADH,NADH,1,"[1,2,3,4,5,6,7,8,9,10,11,12,13,14,15,16,17,18,19,20,21]",,14,5.227135383,5.227135383,30
exp1,NADH,NADH,1,"[1,2,3,4,5,6,7,8,9,10,11,12,13,14,15,16,17,18,19,20,21]",,15,13.84729672,9.116659488,30
exp1,NADH,NADH,1,"[1,2,3,4,5,6,7,8,9,10,11,12,13,14,15,16,17,18,19,20,21]",,16,6.861543743,6.861543743,30
exp1,NADH,NADH,1,"[1,2,3,4,5,6,7,8,9,10,11,12,13,14,15,16,17,18,19,20,21]",,17,6.848860137,6.848860137,30
exp1,NADH,NADH,1,"[1,2,3,4,5,6,7,8,9,10,11,12,13,14,15,16,17,18,19,20,21]",,18,11.4574212,5.861073982,30
exp1,NADH,NADH,1,"[1,2,3,4,5,6,7,8,9,10,11,12,13,14,15,16,17,18,19,20,21]",,19,12.37627104,8.840379422,30
exp1,NADH,NADH,1,"[1,2,3,4,5,6,7,8,9,10,11,12,13,14,15,16,17,18,19,20,21]",,20,11.98849764,6.446483881,30
exp1,NADH,NADH,1,"[1,2,3,4,5,6,7,8,9,10,11,12,13,14,15,16,17,18,19,20,21]",,21,4.383110422,4.052267486,30
exp1,NADH,NADH,1,"[1,2,3,4,5,6,7,8,9,10,11,12,13,14,15,16,17,18,19,20,21]",,0,6247.955915,328.7439862,60
exp1,NADH,NADH,1,"[1,2,3,4,5,6,7,8,9,10,11,12,13,14,15,16,17,18,19,20,21]",,1,76.63922044,65.44727344,60
exp1,NADH,NADH,1,"[1,2,3,4,5,6,7,8,9,10,11,12,13,14,15,16,17,18,19,20,21]",,2,178.8325919,52.03894362,60
exp1,NADH,NADH,1,"[1,2,3,4,5,6,7,8,9,10,11,12,13,14,15,16,17,18,19,20,21]",,3,4.347279523,4.347279523,60
exp1,NADH,NADH,1,"[1,2,3,4,5,6,7,8,9,10,11,12,13,14,15,16,17,18,19,20,21]",,4,190.3706815,63.70822316,60
exp1,NADH,NADH,1,"[1,2,3,4,5,6,7,8,9,10,11,12,13,14,15,16,17,18,19,20,21]",,5,137.2072748,18.30273528,60
exp1,NADH,NADH,1,"[1,2,3,4,5,6,7,8,9,10,11,12,13,14,15,16,17,18,19,20,21]",,6,9.889161342,8.950427835,60
exp1,NADH,NADH,1,"[1,2,3,4,5,6,7,8,9,10,11,12,13,14,15,16,17,18,19,20,21]",,7,22.46093302,3.191714233,60
exp1,NADH,NADH,1,"[1,2,3,4,5,6,7,8,9,10,11,12,13,14,15,16,17,18,19,20,21]",,8,13.51233989,10.59129173,60
exp1,NADH,NADH,1,"[1,2,3,4,5,6,7,8,9,10,11,12,13,14,15,16,17,18,19,20,21]",,9,39.04839588,16.66030476,60
exp1,NADH,NADH,1,"[1,2,3,4,5,6,7,8,9,10,11,12,13,14,15,16,17,18,19,20,21]",,10,27.02924279,5.730680218,60
exp1,NADH,NADH,1,"[1,2,3,4,5,6,7,8,9,10,11,12,13,14,15,16,17,18,19,20,21]",,11,4.244819213,2.730912002,60
exp1,NADH,NADH,1,"[1,2,3,4,5,6,7,8,9,10,11,12,13,14,15,16,17,18,19,20,21]",,12,27.61991319,10.22038898,60
exp1,NADH,NADH,1,"[1,2,3,4,5,6,7,8,9,10,11,12,13,14,15,16,17,18,19,20,21]",,13,11.27622359,6.003647411,60
exp1,NADH,NADH,1,"[1,2,3,4,5,6,7,8,9,10,11,12,13,14,15,16,17,18,19,20,21]",,14,23.18327298,3.245428496,60
exp1,NADH,NADH,1,"[1,2,3,4,5,6,7,8,9,10,11,12,13,14,15,16,17,18,19,20,21]",,15,5.757184503,5.757184503,60
exp1,NADH,NADH,1,"[1,2,3,4,5,6,7,8,9,10,11,12,13,14,15,16,17,18,19,20,21]",,16,1.715673633,1.715673633,60
exp1,NADH,NADH,1,"[1,2,3,4,5,6,7,8,9,10,11,12,13,14,15,16,17,18,19,20,21]",,17,20.09503117,10.35885708,60
exp1,NADH,NADH,1,"[1,2,3,4,5,6,7,8,9,10,11,12,13,14,15,16,17,18,19,20,21]",,18,0.068860135,0.068860135,60
exp1,NADH,NADH,1,"[1,2,3,4,5,6,7,8,9,10,11,12,13,14,15,16,17,18,19,20,21]",,19,4.97465095,4.97465095,60
exp1,NADH,NADH,1,"[1,2,3,4,5,6,7,8,9,10,11,12,13,14,15,16,17,18,19,20,21]",,20,5.106109753,5.106109753,60
exp1,NADH,NADH,1,"[1,2,3,4,5,6,7,8,9,10,11,12,13,14,15,16,17,18,19,20,21]",,21,5.757163829,4.20948967,60
exp1,NADH,NADH,1,"[1,2,3,4,5,6,7,8,9,10,11,12,13,14,15,16,17,18,19,20,21]",,0,4119.924793,570.3589335,240
exp1,NADH,NADH,1,"[1,2,3,4,5,6,7,8,9,10,11,12,13,14,15,16,17,18,19,20,21]",,1,113.7390345,56.87669195,240
exp1,NADH,NADH,1,"[1,2,3,4,5,6,7,8,9,10,11,12,13,14,15,16,17,18,19,20,21]",,2,75.39402833,41.5481194,240
exp1,NADH,NADH,1,"[1,2,3,4,5,6,7,8,9,10,11,12,13,14,15,16,17,18,19,20,21]",,3,13.91185277,8.475094277,240
exp1,NADH,NADH,1,"[1,2,3,4,5,6,7,8,9,10,11,12,13,14,15,16,17,18,19,20,21]",,4,174.1867167,45.53204519,240
exp1,NADH,NADH,1,"[1,2,3,4,5,6,7,8,9,10,11,12,13,14,15,16,17,18,19,20,21]",,5,699.228475,144.6861181,240
exp1,NADH,NADH,1,"[1,2,3,4,5,6,7,8,9,10,11,12,13,14,15,16,17,18,19,20,21]",,6,25.26944104,17.4544173,240
exp1,NADH,NADH,1,"[1,2,3,4,5,6,7,8,9,10,11,12,13,14,15,16,17,18,19,20,21]",,7,35.23844075,19.6956583,240
exp1,NADH,NADH,1,"[1,2,3,4,5,6,7,8,9,10,11,12,13,14,15,16,17,18,19,20,21]",,8,10.75522026,6.023201315,240
exp1,NADH,NADH,1,"[1,2,3,4,5,6,7,8,9,10,11,12,13,14,15,16,17,18,19,20,21]",,9,54.56625761,29.25897576,240
exp1,NADH,NADH,1,"[1,2,3,4,5,6,7,8,9,10,11,12,13,14,15,16,17,18,19,20,21]",,10,174.1951183,20.31805937,240
exp1,NADH,NADH,1,"[1,2,3,4,5,6,7,8,9,10,11,12,13,14,15,16,17,18,19,20,21]",,11,14.74902528,8.816757166,240
exp1,NADH,NADH,1,"[1,2,3,4,5,6,7,8,9,10,11,12,13,14,15,16,17,18,19,20,21]",,12,44.78479168,24.4555582,240
exp1,NADH,NADH,1,"[1,2,3,4,5,6,7,8,9,10,11,12,13,14,15,16,17,18,19,20,21]",,13,12.05108625,3.635744099,240
exp1,NADH,NADH,1,"[1,2,3,4,5,6,7,8,9,10,11,12,13,14,15,16,17,18,19,20,21]",,14,11.61251417,6.214940853,240
exp1,NADH,NADH,1,"[1,2,3,4,5,6,7,8,9,10,11,12,13,14,15,16,17,18,19,20,21]",,15,4.702668733,4.702668733,240
exp1,NADH,NADH,1,"[1,2,3,4,5,6,7,8,9,10,11,12,13,14,15,16,17,18,19,20,21]",,16,6.33850122,6.33850122,240
exp1,NADH,NADH,1,"[1,2,3,4,5,6,7,8,9,10,11,12,13,14,15,16,17,18,19,20,21]",,17,16.53642389,3.775084932,240
exp1,NADH,NADH,1,"[1,2,3,4,5,6,7,8,9,10,11,12,13,14,15,16,17,18,19,20,21]",,18,6.970406662,3.815219348,240
exp1,NADH,NADH,1,"[1,2,3,4,5,6,7,8,9,10,11,12,13,14,15,16,17,18,19,20,21]",,19,4.102890153,4.102890153,240
exp1,NADH,NADH,1,"[1,2,3,4,5,6,7,8,9,10,11,12,13,14,15,16,17,18,19,20,21]",,20,0.501174384,0.501174384,240
exp1,NADH,NADH,1,"[1,2,3,4,5,6,7,8,9,10,11,12,13,14,15,16,17,18,19,20,21]",,21,11.53177091,5.866949113,240
exp1,NADH,NADH,1,"[1,2,3,4,5,6,7,8,9,10,11,12,13,14,15,16,17,18,19,20,21]",,0,2152.135898,47.16577041,720
exp1,NADH,NADH,1,"[1,2,3,4,5,6,7,8,9,10,11,12,13,14,15,16,17,18,19,20,21]",,1,0,0.02,720
exp1,NADH,NADH,1,"[1,2,3,4,5,6,7,8,9,10,11,12,13,14,15,16,17,18,19,20,21]",,2,217.3537197,61.59996563,720
exp1,NADH,NADH,1,"[1,2,3,4,5,6,7,8,9,10,11,12,13,14,15,16,17,18,19,20,21]",,3,36.6136849,36.6136849,720
exp1,NADH,NADH,1,"[1,2,3,4,5,6,7,8,9,10,11,12,13,14,15,16,17,18,19,20,21]",,4,114.0026695,33.20790365,720
exp1,NADH,NADH,1,"[1,2,3,4,5,6,7,8,9,10,11,12,13,14,15,16,17,18,19,20,21]",,5,1298.150799,187.4904626,720
exp1,NADH,NADH,1,"[1,2,3,4,5,6,7,8,9,10,11,12,13,14,15,16,17,18,19,20,21]",,6,84.56165912,49.42555805,720
exp1,NADH,NADH,1,"[1,2,3,4,5,6,7,8,9,10,11,12,13,14,15,16,17,18,19,20,21]",,7,98.17214084,36.43496608,720
exp1,NADH,NADH,1,"[1,2,3,4,5,6,7,8,9,10,11,12,13,14,15,16,17,18,19,20,21]",,8,186.8908006,55.80813757,720
exp1,NADH,NADH,1,"[1,2,3,4,5,6,7,8,9,10,11,12,13,14,15,16,17,18,19,20,21]",,9,263.3372564,92.54345975,720
exp1,NADH,NADH,1,"[1,2,3,4,5,6,7,8,9,10,11,12,13,14,15,16,17,18,19,20,21]",,10,1121.932804,113.389869,720
exp1,NADH,NADH,1,"[1,2,3,4,5,6,7,8,9,10,11,12,13,14,15,16,17,18,19,20,21]",,11,85.01304358,53.40957289,720
exp1,NADH,NADH,1,"[1,2,3,4,5,6,7,8,9,10,11,12,13,14,15,16,17,18,19,20,21]",,12,8.278331102,7.670449324,720
exp1,NADH,NADH,1,"[1,2,3,4,5,6,7,8,9,10,11,12,13,14,15,16,17,18,19,20,21]",,13,21.82715066,12.10363019,720
exp1,NADH,NADH,1,"[1,2,3,4,5,6,7,8,9,10,11,12,13,14,15,16,17,18,19,20,21]",,14,24.08251631,9.686910738,720
exp1,NADH,NADH,1,"[1,2,3,4,5,6,7,8,9,10,11,12,13,14,15,16,17,18,19,20,21]",,15,10.70640704,3.855887386,720
exp1,NADH,NADH,1,"[1,2,3,4,5,6,7,8,9,10,11,12,13,14,15,16,17,18,19,20,21]",,16,11.59343092,8.44106641,720
exp1,NADH,NADH,1,"[1,2,3,4,5,6,7,8,9,10,11,12,13,14,15,16,17,18,19,20,21]",,17,20.94167152,7.111885223,720
exp1,NADH,NADH,1,"[1,2,3,4,5,6,7,8,9,10,11,12,13,14,15,16,17,18,19,20,21]",,18,2.526164421,2.526164421,720
exp1,NADH,NADH,1,"[1,2,3,4,5,6,7,8,9,10,11,12,13,14,15,16,17,18,19,20,21]",,19,12.00428299,4.439952382,720
exp1,NADH,NADH,1,"[1,2,3,4,5,6,7,8,9,10,11,12,13,14,15,16,17,18,19,20,21]",,20,21.6713669,14.23606221,720
exp1,NADH,NADH,1,"[1,2,3,4,5,6,7,8,9,10,11,12,13,14,15,16,17,18,19,20,21]",,21,0.352921446,0.352921446,720
exp1,NADH,NADH,1,"[1,2,3,4,5,6,7,8,9,10,11,12,13,14,15,16,17,18,19,20,21]",,0,1086.783861,192.5010325,1440
exp1,NADH,NADH,1,"[1,2,3,4,5,6,7,8,9,10,11,12,13,14,15,16,17,18,19,20,21]",,1,30.69044834,20.13366956,1440
exp1,NADH,NADH,1,"[1,2,3,4,5,6,7,8,9,10,11,12,13,14,15,16,17,18,19,20,21]",,2,173.9925451,55.41292836,1440
exp1,NADH,NADH,1,"[1,2,3,4,5,6,7,8,9,10,11,12,13,14,15,16,17,18,19,20,21]",,3,82.92384094,30.12271221,1440
exp1,NADH,NADH,1,"[1,2,3,4,5,6,7,8,9,10,11,12,13,14,15,16,17,18,19,20,21]",,4,59.3754709,30.82580451,1440
exp1,NADH,NADH,1,"[1,2,3,4,5,6,7,8,9,10,11,12,13,14,15,16,17,18,19,20,21]",,5,1757.926196,266.4798694,1440
exp1,NADH,NADH,1,"[1,2,3,4,5,6,7,8,9,10,11,12,13,14,15,16,17,18,19,20,21]",,6,117.7773922,12.62234946,1440
exp1,NADH,NADH,1,"[1,2,3,4,5,6,7,8,9,10,11,12,13,14,15,16,17,18,19,20,21]",,7,713.944108,127.8253187,1440
exp1,NADH,NADH,1,"[1,2,3,4,5,6,7,8,9,10,11,12,13,14,15,16,17,18,19,20,21]",,8,691.5700842,47.60477537,1440
exp1,NADH,NADH,1,"[1,2,3,4,5,6,7,8,9,10,11,12,13,14,15,16,17,18,19,20,21]",,9,523.242439,105.4078513,1440
exp1,NADH,NADH,1,"[1,2,3,4,5,6,7,8,9,10,11,12,13,14,15,16,17,18,19,20,21]",,10,4279.535808,579.4363518,1440
exp1,NADH,NADH,1,"[1,2,3,4,5,6,7,8,9,10,11,12,13,14,15,16,17,18,19,20,21]",,11,238.0457902,127.0199735,1440
exp1,NADH,NADH,1,"[1,2,3,4,5,6,7,8,9,10,11,12,13,14,15,16,17,18,19,20,21]",,12,117.9355432,55.94238026,1440
exp1,NADH,NADH,1,"[1,2,3,4,5,6,7,8,9,10,11,12,13,14,15,16,17,18,19,20,21]",,13,40.93451448,36.67255631,1440
exp1,NADH,NADH,1,"[1,2,3,4,5,6,7,8,9,10,11,12,13,14,15,16,17,18,19,20,21]",,14,17.85080637,10.2295431,1440
exp1,NADH,NADH,1,"[1,2,3,4,5,6,7,8,9,10,11,12,13,14,15,16,17,18,19,20,21]",,15,11.22592744,10.89813585,1440
exp1,NADH,NADH,1,"[1,2,3,4,5,6,7,8,9,10,11,12,13,14,15,16,17,18,19,20,21]",,16,16.29785288,1.485425437,1440
exp1,NADH,NADH,1,"[1,2,3,4,5,6,7,8,9,10,11,12,13,14,15,16,17,18,19,20,21]",,17,22.01514758,7.154429426,1440
exp1,NADH,NADH,1,"[1,2,3,4,5,6,7,8,9,10,11,12,13,14,15,16,17,18,19,20,21]",,18,19.72771814,6.46146636,1440
exp1,NADH,NADH,1,"[1,2,3,4,5,6,7,8,9,10,11,12,13,14,15,16,17,18,19,20,21]",,19,18.06056601,3.259796489,1440
exp1,NADH,NADH,1,"[1,2,3,4,5,6,7,8,9,10,11,12,13,14,15,16,17,18,19,20,21]",,20,4.72433229,4.72433229,1440
exp1,NADH,NADH,1,"[1,2,3,4,5,6,7,8,9,10,11,12,13,14,15,16,17,18,19,20,21]",,21,4.838795068,3.994517302,1440
exp1,NADPH,NADPH,1,"[1,2,3,4,5,6,7,8,9,10,11,12,13,14,15,16,17,18,19,20,21]",,0,6377.669369,652.3041344,0
exp1,NADPH,NADPH,1,"[1,2,3,4,5,6,7,8,9,10,11,12,13,14,15,16,17,18,19,20,21]",,1,143.8552284,54.31339367,0
exp1,NADPH,NADPH,1,"[1,2,3,4,5,6,7,8,9,10,11,12,13,14,15,16,17,18,19,20,21]",,2,89.8979439,29.28362628,0
exp1,NADPH,NADPH,1,"[1,2,3,4,5,6,7,8,9,10,11,12,13,14,15,16,17,18,19,20,21]",,3,74.80090621,24.08125742,0
exp1,NADPH,NADPH,1,"[1,2,3,4,5,6,7,8,9,10,11,12,13,14,15,16,17,18,19,20,21]",,4,49.35806782,31.99781417,0
exp1,NADPH,NADPH,1,"[1,2,3,4,5,6,7,8,9,10,11,12,13,14,15,16,17,18,19,20,21]",,5,37.76079232,11.5495421,0
exp1,NADPH,NADPH,1,"[1,2,3,4,5,6,7,8,9,10,11,12,13,14,15,16,17,18,19,20,21]",,6,48.54647178,26.626157,0
exp1,NADPH,NADPH,1,"[1,2,3,4,5,6,7,8,9,10,11,12,13,14,15,16,17,18,19,20,21]",,7,42.60633446,17.01840773,0
exp1,NADPH,NADPH,1,"[1,2,3,4,5,6,7,8,9,10,11,12,13,14,15,16,17,18,19,20,21]",,8,126.6372174,64.28824318,0
exp1,NADPH,NADPH,1,"[1,2,3,4,5,6,7,8,9,10,11,12,13,14,15,16,17,18,19,20,21]",,9,7.133302531,3.656500768,0
exp1,NADPH,NADPH,1,"[1,2,3,4,5,6,7,8,9,10,11,12,13,14,15,16,17,18,19,20,21]",,10,116.8324084,29.33875809,0
exp1,NADPH,NADPH,1,"[1,2,3,4,5,6,7,8,9,10,11,12,13,14,15,16,17,18,19,20,21]",,11,18.08485735,11.38492512,0
exp1,NADPH,NADPH,1,"[1,2,3,4,5,6,7,8,9,10,11,12,13,14,15,16,17,18,19,20,21]",,12,90.9736362,49.72220854,0
exp1,NADPH,NADPH,1,"[1,2,3,4,5,6,7,8,9,10,11,12,13,14,15,16,17,18,19,20,21]",,13,56.15283355,34.92568444,0
exp1,NADPH,NADPH,1,"[1,2,3,4,5,6,7,8,9,10,11,12,13,14,15,16,17,18,19,20,21]",,14,38.56803826,16.03698519,0
exp1,NADPH,NADPH,1,"[1,2,3,4,5,6,7,8,9,10,11,12,13,14,15,16,17,18,19,20,21]",,15,37.9241511,37.9241511,0
exp1,NADPH,NADPH,1,"[1,2,3,4,5,6,7,8,9,10,11,12,13,14,15,16,17,18,19,20,21]",,16,0,0.02,0
exp1,NADPH,NADPH,1,"[1,2,3,4,5,6,7,8,9,10,11,12,13,14,15,16,17,18,19,20,21]",,17,2593.225093,363.7662528,0
exp1,NADPH,NADPH,1,"[1,2,3,4,5,6,7,8,9,10,11,12,13,14,15,16,17,18,19,20,21]",,18,96.94606183,55.65680116,0
exp1,NADPH,NADPH,1,"[1,2,3,4,5,6,7,8,9,10,11,12,13,14,15,16,17,18,19,20,21]",,19,81.45354856,77.54161918,0
exp1,NADPH,NADPH,1,"[1,2,3,4,5,6,7,8,9,10,11,12,13,14,15,16,17,18,19,20,21]",,20,181.2939775,143.095839,0
exp1,NADPH,NADPH,1,"[1,2,3,4,5,6,7,8,9,10,11,12,13,14,15,16,17,18,19,20,21]",,21,67.9455636,14.32897461,0
exp1,NADPH,NADPH,1,"[1,2,3,4,5,6,7,8,9,10,11,12,13,14,15,16,17,18,19,20,21]",,0,6724.197925,263.4455777,15
exp1,NADPH,NADPH,1,"[1,2,3,4,5,6,7,8,9,10,11,12,13,14,15,16,17,18,19,20,21]",,1,67.81772589,54.89718568,15
exp1,NADPH,NADPH,1,"[1,2,3,4,5,6,7,8,9,10,11,12,13,14,15,16,17,18,19,20,21]",,2,86.34912359,55.45883145,15
exp1,NADPH,NADPH,1,"[1,2,3,4,5,6,7,8,9,10,11,12,13,14,15,16,17,18,19,20,21]",,3,109.8452807,30.7258844,15
exp1,NADPH,NADPH,1,"[1,2,3,4,5,6,7,8,9,10,11,12,13,14,15,16,17,18,19,20,21]",,4,72.16407345,21.9061242,15
exp1,NADPH,NADPH,1,"[1,2,3,4,5,6,7,8,9,10,11,12,13,14,15,16,17,18,19,20,21]",,5,17.39036898,9.687810442,15
exp1,NADPH,NADPH,1,"[1,2,3,4,5,6,7,8,9,10,11,12,13,14,15,16,17,18,19,20,21]",,6,24.66109801,12.05394867,15
exp1,NADPH,NADPH,1,"[1,2,3,4,5,6,7,8,9,10,11,12,13,14,15,16,17,18,19,20,21]",,7,16.80498626,8.416559107,15
exp1,NADPH,NADPH,1,"[1,2,3,4,5,6,7,8,9,10,11,12,13,14,15,16,17,18,19,20,21]",,8,19.6925755,11.72770589,15
exp1,NADPH,NADPH,1,"[1,2,3,4,5,6,7,8,9,10,11,12,13,14,15,16,17,18,19,20,21]",,9,81.25933731,53.74272143,15
exp1,NADPH,NADPH,1,"[1,2,3,4,5,6,7,8,9,10,11,12,13,14,15,16,17,18,19,20,21]",,10,29.05128077,16.75395933,15
exp1,NADPH,NADPH,1,"[1,2,3,4,5,6,7,8,9,10,11,12,13,14,15,16,17,18,19,20,21]",,11,77.27998308,17.13463464,15
exp1,NADPH,NADPH,1,"[1,2,3,4,5,6,7,8,9,10,11,12,13,14,15,16,17,18,19,20,21]",,12,64.41726085,24.51886721,15
exp1,NADPH,NADPH,1,"[1,2,3,4,5,6,7,8,9,10,11,12,13,14,15,16,17,18,19,20,21]",,13,48.96358324,23.26850711,15
exp1,NADPH,NADPH,1,"[1,2,3,4,5,6,7,8,9,10,11,12,13,14,15,16,17,18,19,20,21]",,14,41.18735751,17.7481582,15
exp1,NADPH,NADPH,1,"[1,2,3,4,5,6,7,8,9,10,11,12,13,14,15,16,17,18,19,20,21]",,15,34.24421349,14.2125574,15
exp1,NADPH,NADPH,1,"[1,2,3,4,5,6,7,8,9,10,11,12,13,14,15,16,17,18,19,20,21]",,16,0,0.02,15
exp1,NADPH,NADPH,1,"[1,2,3,4,5,6,7,8,9,10,11,12,13,14,15,16,17,18,19,20,21]",,17,1724.265582,323.3357467,15
exp1,NADPH,NADPH,1,"[1,2,3,4,5,6,7,8,9,10,11,12,13,14,15,16,17,18,19,20,21]",,18,25.48552065,15.72906352,15
exp1,NADPH,NADPH,1,"[1,2,3,4,5,6,7,8,9,10,11,12,13,14,15,16,17,18,19,20,21]",,19,96.65959603,48.92685808,15
exp1,NADPH,NADPH,1,"[1,2,3,4,5,6,7,8,9,10,11,12,13,14,15,16,17,18,19,20,21]",,20,226.8462451,111.4435846,15
exp1,NADPH,NADPH,1,"[1,2,3,4,5,6,7,8,9,10,11,12,13,14,15,16,17,18,19,20,21]",,21,72.20690144,21.067952,15
exp1,NADPH,NADPH,1,"[1,2,3,4,5,6,7,8,9,10,11,12,13,14,15,16,17,18,19,20,21]",,0,7681.551448,968.6902458,30
exp1,NADPH,NADPH,1,"[1,2,3,4,5,6,7,8,9,10,11,12,13,14,15,16,17,18,19,20,21]",,1,228.440056,13.66198204,30
exp1,NADPH,NADPH,1,"[1,2,3,4,5,6,7,8,9,10,11,12,13,14,15,16,17,18,19,20,21]",,2,176.2228833,91.11502516,30
exp1,NADPH,NADPH,1,"[1,2,3,4,5,6,7,8,9,10,11,12,13,14,15,16,17,18,19,20,21]",,3,13.30504575,8.168852302,30
exp1,NADPH,NADPH,1,"[1,2,3,4,5,6,7,8,9,10,11,12,13,14,15,16,17,18,19,20,21]",,4,80.04650216,11.43278146,30
exp1,NADPH,NADPH,1,"[1,2,3,4,5,6,7,8,9,10,11,12,13,14,15,16,17,18,19,20,21]",,5,77.34783,19.88141961,30
exp1,NADPH,NADPH,1,"[1,2,3,4,5,6,7,8,9,10,11,12,13,14,15,16,17,18,19,20,21]",,6,43.55686104,23.78145134,30
exp1,NADPH,NADPH,1,"[1,2,3,4,5,6,7,8,9,10,11,12,13,14,15,16,17,18,19,20,21]",,7,23.26447898,14.10954194,30
exp1,NADPH,NADPH,1,"[1,2,3,4,5,6,7,8,9,10,11,12,13,14,15,16,17,18,19,20,21]",,8,40.68637834,37.36483551,30
exp1,NADPH,NADPH,1,"[1,2,3,4,5,6,7,8,9,10,11,12,13,14,15,16,17,18,19,20,21]",,9,88.04677347,51.86953878,30
exp1,NADPH,NADPH,1,"[1,2,3,4,5,6,7,8,9,10,11,12,13,14,15,16,17,18,19,20,21]",,10,26.27181379,13.49880722,30
exp1,NADPH,NADPH,1,"[1,2,3,4,5,6,7,8,9,10,11,12,13,14,15,16,17,18,19,20,21]",,11,29.60895699,16.54461507,30
exp1,NADPH,NADPH,1,"[1,2,3,4,5,6,7,8,9,10,11,12,13,14,15,16,17,18,19,20,21]",,12,80.65247616,24.39693274,30
exp1,NADPH,NADPH,1,"[1,2,3,4,5,6,7,8,9,10,11,12,13,14,15,16,17,18,19,20,21]",,13,124.3555482,108.9670853,30
exp1,NADPH,NADPH,1,"[1,2,3,4,5,6,7,8,9,10,11,12,13,14,15,16,17,18,19,20,21]",,14,59.57613218,5.383231745,30
exp1,NADPH,NADPH,1,"[1,2,3,4,5,6,7,8,9,10,11,12,13,14,15,16,17,18,19,20,21]",,15,25.65067729,15.85230578,30
exp1,NADPH,NADPH,1,"[1,2,3,4,5,6,7,8,9,10,11,12,13,14,15,16,17,18,19,20,21]",,16,0,0.02,30
exp1,NADPH,NADPH,1,"[1,2,3,4,5,6,7,8,9,10,11,12,13,14,15,16,17,18,19,20,21]",,17,1567.565159,217.7630091,30
exp1,NADPH,NADPH,1,"[1,2,3,4,5,6,7,8,9,10,11,12,13,14,15,16,17,18,19,20,21]",,18,71.56277467,71.56277467,30
exp1,NADPH,NADPH,1,"[1,2,3,4,5,6,7,8,9,10,11,12,13,14,15,16,17,18,19,20,21]",,19,23.29601027,23.29601027,30
exp1,NADPH,NADPH,1,"[1,2,3,4,5,6,7,8,9,10,11,12,13,14,15,16,17,18,19,20,21]",,20,206.7710116,130.8278023,30
exp1,NADPH,NADPH,1,"[1,2,3,4,5,6,7,8,9,10,11,12,13,14,15,16,17,18,19,20,21]",,21,53.7520115,37.67708966,30
exp1,NADPH,NADPH,1,"[1,2,3,4,5,6,7,8,9,10,11,12,13,14,15,16,17,18,19,20,21]",,0,6204.058496,248.0077947,60
exp1,NADPH,NADPH,1,"[1,2,3,4,5,6,7,8,9,10,11,12,13,14,15,16,17,18,19,20,21]",,1,47.64444653,47.64444653,60
exp1,NADPH,NADPH,1,"[1,2,3,4,5,6,7,8,9,10,11,12,13,14,15,16,17,18,19,20,21]",,2,168.3051283,58.7604608,60
exp1,NADPH,NADPH,1,"[1,2,3,4,5,6,7,8,9,10,11,12,13,14,15,16,17,18,19,20,21]",,3,46.98200523,11.25814824,60
exp1,NADPH,NADPH,1,"[1,2,3,4,5,6,7,8,9,10,11,12,13,14,15,16,17,18,19,20,21]",,4,97.64987894,22.98821934,60
exp1,NADPH,NADPH,1,"[1,2,3,4,5,6,7,8,9,10,11,12,13,14,15,16,17,18,19,20,21]",,5,113.5535343,17.51940993,60
exp1,NADPH,NADPH,1,"[1,2,3,4,5,6,7,8,9,10,11,12,13,14,15,16,17,18,19,20,21]",,6,34.86753784,19.53655543,60
exp1,NADPH,NADPH,1,"[1,2,3,4,5,6,7,8,9,10,11,12,13,14,15,16,17,18,19,20,21]",,7,36.56594148,23.51383108,60
exp1,NADPH,NADPH,1,"[1,2,3,4,5,6,7,8,9,10,11,12,13,14,15,16,17,18,19,20,21]",,8,75.50064831,35.05580777,60
exp1,NADPH,NADPH,1,"[1,2,3,4,5,6,7,8,9,10,11,12,13,14,15,16,17,18,19,20,21]",,9,83.10085555,7.485095203,60
exp1,NADPH,NADPH,1,"[1,2,3,4,5,6,7,8,9,10,11,12,13,14,15,16,17,18,19,20,21]",,10,43.8416924,12.01597277,60
exp1,NADPH,NADPH,1,"[1,2,3,4,5,6,7,8,9,10,11,12,13,14,15,16,17,18,19,20,21]",,11,51.22717101,32.00574769,60
exp1,NADPH,NADPH,1,"[1,2,3,4,5,6,7,8,9,10,11,12,13,14,15,16,17,18,19,20,21]",,12,163.5459599,89.86763251,60
exp1,NADPH,NADPH,1,"[1,2,3,4,5,6,7,8,9,10,11,12,13,14,15,16,17,18,19,20,21]",,13,23.82012959,18.40294141,60
exp1,NADPH,NADPH,1,"[1,2,3,4,5,6,7,8,9,10,11,12,13,14,15,16,17,18,19,20,21]",,14,75.52128046,22.95258617,60
exp1,NADPH,NADPH,1,"[1,2,3,4,5,6,7,8,9,10,11,12,13,14,15,16,17,18,19,20,21]",,15,36.43029983,36.3902091,60
exp1,NADPH,NADPH,1,"[1,2,3,4,5,6,7,8,9,10,11,12,13,14,15,16,17,18,19,20,21]",,16,0,0.02,60
exp1,NADPH,NADPH,1,"[1,2,3,4,5,6,7,8,9,10,11,12,13,14,15,16,17,18,19,20,21]",,17,1332.795178,126.8405145,60
exp1,NADPH,NADPH,1,"[1,2,3,4,5,6,7,8,9,10,11,12,13,14,15,16,17,18,19,20,21]",,18,142.8880714,96.88842693,60
exp1,NADPH,NADPH,1,"[1,2,3,4,5,6,7,8,9,10,11,12,13,14,15,16,17,18,19,20,21]",,19,59.35501035,58.837297,60
exp1,NADPH,NADPH,1,"[1,2,3,4,5,6,7,8,9,10,11,12,13,14,15,16,17,18,19,20,21]",,20,381.3499699,78.3533039,60
exp1,NADPH,NADPH,1,"[1,2,3,4,5,6,7,8,9,10,11,12,13,14,15,16,17,18,19,20,21]",,21,64.69212944,28.69693115,60
exp1,NADPH,NADPH,1,"[1,2,3,4,5,6,7,8,9,10,11,12,13,14,15,16,17,18,19,20,21]",,0,5930.699516,326.0597186,240
exp1,NADPH,NADPH,1,"[1,2,3,4,5,6,7,8,9,10,11,12,13,14,15,16,17,18,19,20,21]",,1,128.5015819,64.34002667,240
exp1,NADPH,NADPH,1,"[1,2,3,4,5,6,7,8,9,10,11,12,13,14,15,16,17,18,19,20,21]",,2,229.1954643,122.8272099,240
exp1,NADPH,NADPH,1,"[1,2,3,4,5,6,7,8,9,10,11,12,13,14,15,16,17,18,19,20,21]",,3,25.96894421,14.4297262,240
exp1,NADPH,NADPH,1,"[1,2,3,4,5,6,7,8,9,10,11,12,13,14,15,16,17,18,19,20,21]",,4,98.59185958,19.2211409,240
exp1,NADPH,NADPH,1,"[1,2,3,4,5,6,7,8,9,10,11,12,13,14,15,16,17,18,19,20,21]",,5,414.1065518,59.57845928,240
exp1,NADPH,NADPH,1,"[1,2,3,4,5,6,7,8,9,10,11,12,13,14,15,16,17,18,19,20,21]",,6,64.69418955,39.51587959,240
exp1,NADPH,NADPH,1,"[1,2,3,4,5,6,7,8,9,10,11,12,13,14,15,16,17,18,19,20,21]",,7,10.7097726,10.7097726,240
exp1,NADPH,NADPH,1,"[1,2,3,4,5,6,7,8,9,10,11,12,13,14,15,16,17,18,19,20,21]",,8,130.1859769,11.58713886,240
exp1,NADPH,NADPH,1,"[1,2,3,4,5,6,7,8,9,10,11,12,13,14,15,16,17,18,19,20,21]",,9,41.54434702,31.87966513,240
exp1,NADPH,NADPH,1,"[1,2,3,4,5,6,7,8,9,10,11,12,13,14,15,16,17,18,19,20,21]",,10,119.7706833,17.36639181,240
exp1,NADPH,NADPH,1,"[1,2,3,4,5,6,7,8,9,10,11,12,13,14,15,16,17,18,19,20,21]",,11,87.09227679,15.376229,240
exp1,NADPH,NADPH,1,"[1,2,3,4,5,6,7,8,9,10,11,12,13,14,15,16,17,18,19,20,21]",,12,93.70158824,11.40669776,240
exp1,NADPH,NADPH,1,"[1,2,3,4,5,6,7,8,9,10,11,12,13,14,15,16,17,18,19,20,21]",,13,107.7294894,33.16911615,240
exp1,NADPH,NADPH,1,"[1,2,3,4,5,6,7,8,9,10,11,12,13,14,15,16,17,18,19,20,21]",,14,28.38656657,14.40833137,240
exp1,NADPH,NADPH,1,"[1,2,3,4,5,6,7,8,9,10,11,12,13,14,15,16,17,18,19,20,21]",,15,102.6008707,21.82062352,240
exp1,NADPH,NADPH,1,"[1,2,3,4,5,6,7,8,9,10,11,12,13,14,15,16,17,18,19,20,21]",,16,0.028499171,0.028499171,240
exp1,NADPH,NADPH,1,"[1,2,3,4,5,6,7,8,9,10,11,12,13,14,15,16,17,18,19,20,21]",,17,738.1865771,103.6379827,240
exp1,NADPH,NADPH,1,"[1,2,3,4,5,6,7,8,9,10,11,12,13,14,15,16,17,18,19,20,21]",,18,5.05506985,5.05506985,240
exp1,NADPH,NADPH,1,"[1,2,3,4,5,6,7,8,9,10,11,12,13,14,15,16,17,18,19,20,21]",,19,41.3185016,21.17580972,240
exp1,NADPH,NADPH,1,"[1,2,3,4,5,6,7,8,9,10,11,12,13,14,15,16,17,18,19,20,21]",,20,245.2204828,91.32795321,240
exp1,NADPH,NADPH,1,"[1,2,3,4,5,6,7,8,9,10,11,12,13,14,15,16,17,18,19,20,21]",,21,65.06048456,14.89452401,240
exp1,NADPH,NADPH,1,"[1,2,3,4,5,6,7,8,9,10,11,12,13,14,15,16,17,18,19,20,21]",,0,4724.912373,246.602824,720
exp1,NADPH,NADPH,1,"[1,2,3,4,5,6,7,8,9,10,11,12,13,14,15,16,17,18,19,20,21]",,1,121.4905215,77.92126158,720
exp1,NADPH,NADPH,1,"[1,2,3,4,5,6,7,8,9,10,11,12,13,14,15,16,17,18,19,20,21]",,2,411.445876,218.2694643,720
exp1,NADPH,NADPH,1,"[1,2,3,4,5,6,7,8,9,10,11,12,13,14,15,16,17,18,19,20,21]",,3,146.4697543,113.4125338,720
exp1,NADPH,NADPH,1,"[1,2,3,4,5,6,7,8,9,10,11,12,13,14,15,16,17,18,19,20,21]",,4,279.0227728,99.65531845,720
exp1,NADPH,NADPH,1,"[1,2,3,4,5,6,7,8,9,10,11,12,13,14,15,16,17,18,19,20,21]",,5,2003.104123,76.79082803,720
exp1,NADPH,NADPH,1,"[1,2,3,4,5,6,7,8,9,10,11,12,13,14,15,16,17,18,19,20,21]",,6,113.2861524,94.49697555,720
exp1,NADPH,NADPH,1,"[1,2,3,4,5,6,7,8,9,10,11,12,13,14,15,16,17,18,19,20,21]",,7,333.604275,112.378894,720
exp1,NADPH,NADPH,1,"[1,2,3,4,5,6,7,8,9,10,11,12,13,14,15,16,17,18,19,20,21]",,8,162.1984841,58.73681212,720
exp1,NADPH,NADPH,1,"[1,2,3,4,5,6,7,8,9,10,11,12,13,14,15,16,17,18,19,20,21]",,9,135.8056396,23.47573474,720
exp1,NADPH,NADPH,1,"[1,2,3,4,5,6,7,8,9,10,11,12,13,14,15,16,17,18,19,20,21]",,10,1791.795068,61.70342361,720
exp1,NADPH,NADPH,1,"[1,2,3,4,5,6,7,8,9,10,11,12,13,14,15,16,17,18,19,20,21]",,11,110.855185,59.13985558,720
exp1,NADPH,NADPH,1,"[1,2,3,4,5,6,7,8,9,10,11,12,13,14,15,16,17,18,19,20,21]",,12,101.9069207,30.22175584,720
exp1,NADPH,NADPH,1,"[1,2,3,4,5,6,7,8,9,10,11,12,13,14,15,16,17,18,19,20,21]",,13,181.0929909,18.27127903,720
exp1,NADPH,NADPH,1,"[1,2,3,4,5,6,7,8,9,10,11,12,13,14,15,16,17,18,19,20,21]",,14,83.25461557,11.57431114,720
exp1,NADPH,NADPH,1,"[1,2,3,4,5,6,7,8,9,10,11,12,13,14,15,16,17,18,19,20,21]",,15,58.72974499,31.08319371,720
exp1,NADPH,NADPH,1,"[1,2,3,4,5,6,7,8,9,10,11,12,13,14,15,16,17,18,19,20,21]",,16,45.7537765,30.73817276,720
exp1,NADPH,NADPH,1,"[1,2,3,4,5,6,7,8,9,10,11,12,13,14,15,16,17,18,19,20,21]",,17,189.0338961,36.19301078,720
exp1,NADPH,NADPH,1,"[1,2,3,4,5,6,7,8,9,10,11,12,13,14,15,16,17,18,19,20,21]",,18,62.59186931,30.61565871,720
exp1,NADPH,NADPH,1,"[1,2,3,4,5,6,7,8,9,10,11,12,13,14,15,16,17,18,19,20,21]",,19,25.86425515,19.19915092,720
exp1,NADPH,NADPH,1,"[1,2,3,4,5,6,7,8,9,10,11,12,13,14,15,16,17,18,19,20,21]",,20,129.8972743,53.42221117,720
exp1,NADPH,NADPH,1,"[1,2,3,4,5,6,7,8,9,10,11,12,13,14,15,16,17,18,19,20,21]",,21,68.23194994,23.73499243,720
exp1,NADPH,NADPH,1,"[1,2,3,4,5,6,7,8,9,10,11,12,13,14,15,16,17,18,19,20,21]",,0,1210.842547,60.21330646,1440
exp1,NADPH,NADPH,1,"[1,2,3,4,5,6,7,8,9,10,11,12,13,14,15,16,17,18,19,20,21]",,1,87.89972642,59.78505912,1440
exp1,NADPH,NADPH,1,"[1,2,3,4,5,6,7,8,9,10,11,12,13,14,15,16,17,18,19,20,21]",,2,160.3484467,61.83265024,1440
exp1,NADPH,NADPH,1,"[1,2,3,4,5,6,7,8,9,10,11,12,13,14,15,16,17,18,19,20,21]",,3,154.4897312,16.19935414,1440
exp1,NADPH,NADPH,1,"[1,2,3,4,5,6,7,8,9,10,11,12,13,14,15,16,17,18,19,20,21]",,4,34.31493052,19.99869298,1440
exp1,NADPH,NADPH,1,"[1,2,3,4,5,6,7,8,9,10,11,12,13,14,15,16,17,18,19,20,21]",,5,1587.027013,91.13606127,1440
exp1,NADPH,NADPH,1,"[1,2,3,4,5,6,7,8,9,10,11,12,13,14,15,16,17,18,19,20,21]",,6,86.03365027,83.08349841,1440
exp1,NADPH,NADPH,1,"[1,2,3,4,5,6,7,8,9,10,11,12,13,14,15,16,17,18,19,20,21]",,7,616.0128593,57.57331608,1440
exp1,NADPH,NADPH,1,"[1,2,3,4,5,6,7,8,9,10,11,12,13,14,15,16,17,18,19,20,21]",,8,350.7449619,105.7083889,1440
exp1,NADPH,NADPH,1,"[1,2,3,4,5,6,7,8,9,10,11,12,13,14,15,16,17,18,19,20,21]",,9,270.2976409,60.64432913,1440
exp1,NADPH,NADPH,1,"[1,2,3,4,5,6,7,8,9,10,11,12,13,14,15,16,17,18,19,20,21]",,10,3003.478164,55.6364405,1440
exp1,NADPH,NADPH,1,"[1,2,3,4,5,6,7,8,9,10,11,12,13,14,15,16,17,18,19,20,21]",,11,83.97665229,48.41144011,1440
exp1,NADPH,NADPH,1,"[1,2,3,4,5,6,7,8,9,10,11,12,13,14,15,16,17,18,19,20,21]",,12,49.18779558,35.84314485,1440
exp1,NADPH,NADPH,1,"[1,2,3,4,5,6,7,8,9,10,11,12,13,14,15,16,17,18,19,20,21]",,13,223.2261842,120.4999741,1440
exp1,NADPH,NADPH,1,"[1,2,3,4,5,6,7,8,9,10,11,12,13,14,15,16,17,18,19,20,21]",,14,66.71170782,45.09590757,1440
exp1,NADPH,NADPH,1,"[1,2,3,4,5,6,7,8,9,10,11,12,13,14,15,16,17,18,19,20,21]",,15,40.64868858,12.76896801,1440
exp1,NADPH,NADPH,1,"[1,2,3,4,5,6,7,8,9,10,11,12,13,14,15,16,17,18,19,20,21]",,16,30.00130711,16.88947776,1440
exp1,NADPH,NADPH,1,"[1,2,3,4,5,6,7,8,9,10,11,12,13,14,15,16,17,18,19,20,21]",,17,105.5191256,56.48153229,1440
exp1,NADPH,NADPH,1,"[1,2,3,4,5,6,7,8,9,10,11,12,13,14,15,16,17,18,19,20,21]",,18,43.81065233,25.7737977,1440
exp1,NADPH,NADPH,1,"[1,2,3,4,5,6,7,8,9,10,11,12,13,14,15,16,17,18,19,20,21]",,19,44.95007449,16.25512976,1440
exp1,NADPH,NADPH,1,"[1,2,3,4,5,6,7,8,9,10,11,12,13,14,15,16,17,18,19,20,21]",,20,123.1836122,66.40396051,1440
exp1,NADPH,NADPH,1,"[1,2,3,4,5,6,7,8,9,10,11,12,13,14,15,16,17,18,19,20,21]",,21,96.1849015,55.78228995,1440
exp1,Suc,Suc,1,"[1,2,3,4]",,0,26737.18506,1268.195616,0
exp1,Suc,Suc,1,"[1,2,3,4]",,1,71.8084579,36.03014638,0
exp1,Suc,Suc,1,"[1,2,3,4]",,2,192.716801,10.71535925,0
exp1,Suc,Suc,1,"[1,2,3,4]",,3,14.19951406,6.322337708,0
exp1,Suc,Suc,1,"[1,2,3,4]",,4,105.8175376,21.35549548,0
exp1,Suc,Suc,1,"[1,2,3,4]",,0,26419.44224,3805.992051,15
exp1,Suc,Suc,1,"[1,2,3,4]",,1,162.7738373,73.74131617,15
exp1,Suc,Suc,1,"[1,2,3,4]",,2,569.6736575,25.93879161,15
exp1,Suc,Suc,1,"[1,2,3,4]",,3,10.72404261,10.72404261,15
exp1,Suc,Suc,1,"[1,2,3,4]",,4,103.5136549,26.18612753,15
exp1,Suc,Suc,1,"[1,2,3,4]",,0,35065.60167,2028.480019,30
exp1,Suc,Suc,1,"[1,2,3,4]",,1,254.7968624,28.79323982,30
exp1,Suc,Suc,1,"[1,2,3,4]",,2,991.891075,50.22195311,30
exp1,Suc,Suc,1,"[1,2,3,4]",,3,56.47256654,9.299575891,30
exp1,Suc,Suc,1,"[1,2,3,4]",,4,123.5061962,17.37779202,30
exp1,Suc,Suc,1,"[1,2,3,4]",,0,39473.99041,2731.138873,60
exp1,Suc,Suc,1,"[1,2,3,4]",,1,282.4407369,129.5485491,60
exp1,Suc,Suc,1,"[1,2,3,4]",,2,1370.178378,86.6760607,60
exp1,Suc,Suc,1,"[1,2,3,4]",,3,91.6970451,16.12291085,60
exp1,Suc,Suc,1,"[1,2,3,4]",,4,140.8743521,32.06398316,60
exp1,Suc,Suc,1,"[1,2,3,4]",,0,34974.7367,2113.29305,240
exp1,Suc,Suc,1,"[1,2,3,4]",,1,474.159123,65.07307453,240
exp1,Suc,Suc,1,"[1,2,3,4]",,2,2390.212158,146.8426873,240
exp1,Suc,Suc,1,"[1,2,3,4]",,3,247.7649598,6.381491717,240
exp1,Suc,Suc,1,"[1,2,3,4]",,4,207.7247705,37.58554771,240
exp1,Suc,Suc,1,"[1,2,3,4]",,0,33707.31851,3491.023541,720
exp1,Suc,Suc,1,"[1,2,3,4]",,1,919.9528974,106.3239591,720
exp1,Suc,Suc,1,"[1,2,3,4]",,2,4801.391643,164.4396579,720
exp1,Suc,Suc,1,"[1,2,3,4]",,3,1124.671324,82.1069381,720
exp1,Suc,Suc,1,"[1,2,3,4]",,4,551.570137,33.16028537,720
exp1,Suc,Suc,1,"[1,2,3,4]",,0,35375.50122,2579.550898,1440
exp1,Suc,Suc,1,"[1,2,3,4]",,1,1153.755884,57.26646068,1440
exp1,Suc,Suc,1,"[1,2,3,4]",,2,5427.330517,545.7916399,1440
exp1,Suc,Suc,1,"[1,2,3,4]",,3,1582.067188,176.2775311,1440
exp1,Suc,Suc,1,"[1,2,3,4]",,4,598.8387099,34.75368225,1440
