Analyte,Formula,Analysis,FC,A+0,A+1,A+2,A+3,A+4,A+5,A+6,A+7,A+8,A+9,A+10,A+11,A+12,A+13,A+14,A+15,A+16,A+17,A+18,A+19,A+20,A+21,A+22,A+23
Phosphoenolpyruvate,C3H5O6P,hilic-04,0.692109505,0.231815852,0,0.228223927,0.53996022,,,,,,,,,,,,,,,,,,,,
Sedoheptulose-7-phosphate,C7H15O10P,hilic-16,0.743761471,0.124204216,0.003924788,0.048206103,0.032468718,0.076462554,0.122239036,0.055920335,0.536574249,,,,,,,,,,,,,,,,
Glucose-6-phosphate,C6H13O9P,hilic-15,0.436045764,0.537647418,0.003774784,0.0119761,0.017743094,0.009485196,0.018862914,0.400510494,,,,,,,,,,,,,,,,,
Glucose CL,C6H13O6Cl,hilic-17,0.880263276,0.114915515,0,0,0,0.014463627,0,0.870620858,,,,,,,,,,,,,,,,,
Sedoheptulose-7-phosphate,C7H15O10P,hilic-01,0.012387343,0.984852032,0,0,0.001858426,6.90E-04,0.003092269,0.003636569,0.005870849,,,,,,,,,,,,,,,,
L-Aspartic Acid,C4H7NO4,hilic-14,0.464727052,0.525386362,0,0.016924459,0.005697427,0.451991751,,,,,,,,,,,,,,,,,,,
Fructose-6-phosphate,C6H13O9P,hilic-01,0.034512483,0.942791226,2.82E-04,0.0187252,0.009841234,0.011369276,0.007605425,0.009385785,,,,,,,,,,,,,,,,,
3-Phosphoglycerate,C3H7O7P,hilic-06,0.757735868,0.233259149,0.00714444,0.012726069,0.746870342,,,,,,,,,,,,,,,,,,,,
Glyceraldehyde-3-phosphate,C3H7O6P,hilic-12,0.609037518,0.343002892,0.035035518,0.073807737,0.548153854,,,,,,,,,,,,,,,,,,,,
6-Phosphogluconate,C6H13O10P,hilic-10,0.71388419,0.249579442,0.006832546,0.010240114,0.01936596,0.016590168,0.052816807,0.644574964,,,,,,,,,,,,,,,,,
Xylulose-5-phosphate,C5H11O8P,hilic-08,0.778245248,0.134742699,3.58E-04,0.088543503,0.075680469,0.016635448,0.684039539,,,,,,,,,,,,,,,,,,
Glucose CL,C6H13O6Cl,hilic-06,0.874531401,0.122952097,0,0,0,0.007549506,0,0.869498397,,,,,,,,,,,,,,,,,
Pyruvate,C3H4O3,hilic-01,0.015165723,0.982717075,0,0.006351607,0.010931319,,,,,,,,,,,,,,,,,,,,
Phosphoenolpyruvate,C3H5O6P,hilic-17,0.784735027,0.192084232,0,0.069542223,0.738373545,,,,,,,,,,,,,,,,,,,,
Xylulose-5-phosphate,C5H11O8P,hilic-07,0.776613019,0.134457243,0.003678785,0.084150243,0.078807623,0.019867576,0.679038531,,,,,,,,,,,,,,,,,,
Sedoheptulose-7-phosphate,C7H15O10P,hilic-12,0.65933438,0.212035549,0.004483392,0.048963315,0.028560681,0.07397099,0.120277401,0.051983081,0.459725592,,,,,,,,,,,,,,,,
Malate,C4H6O5,hilic-12,0.06917852,0.879490487,0.037372064,0.033295623,0.026616535,0.023225291,,,,,,,,,,,,,,,,,,,
Acetyl-CoA,C23H38N7O17P3S,hilic-03,0.015519836,0.973268915,0,0,0,9.40E-04,9.60E-04,0.00217533,0.002797897,7.48E-04,0.001084933,0.001153482,9.41E-04,0.002805838,0.002678775,0,0,0,0.001604486,0.001341315,0.001375325,7.91E-04,0.002469118,0.001456104,0.001407017
Ribose-5-phosphate,C5H11O8P,hilic-14,0.326319872,0.575581285,0.039225551,0.03896131,0.093956757,0.028794569,0.223480529,,,,,,,,,,,,,,,,,,
L-Glutamine,C5H10N2O3,hilic-11,0.029230605,0.862111109,0.129636221,0.008248848,0,0,3.82E-06,,,,,,,,,,,,,,,,,,
Ribulose-5-phosphate,C5H11O8P,hilic-09,0.807137833,0.09627399,0.006871844,0.094053517,0.078216207,0.016860542,0.707723899,,,,,,,,,,,,,,,,,,
Pyruvate,C3H4O3,hilic-14,0.16363373,0.819109482,0.014282683,0.023204997,0.143402837,,,,,,,,,,,,,,,,,,,,
Acetyl-CoA,C23H38N7O17P3S,hilic-12,0.035205646,0.796910555,0,0.170869616,0,0,5.25E-04,9.08E-04,0.003062143,0.001096525,9.07E-04,8.53E-04,0,0.005762485,0.001594873,5.24E-04,0.002236312,0.003506151,7.49E-04,0.002452877,8.79E-04,0.002588387,9.88E-04,0.002443605,0.001143185
L-Aspartic Acid,C4H7NO4,hilic-01,0.500365725,0.499634275,0,0,0,0.500365725,,,,,,,,,,,,,,,,,,,
Succinate,C4H6O4,hilic-04,0,1,0,0,0,0,,,,,,,,,,,,,,,,,,,
Succinate,C4H6O4,hilic-11,0.01624222,0.962657914,0.009737123,0.027583135,2.18E-05,0,,,,,,,,,,,,,,,,,,,
Pyruvate,C3H4O3,hilic-17,0.249163656,0.724437966,0.023933601,0.031327933,0.2203005,,,,,,,,,,,,,,,,,,,,
Dihydroxyacetone phosphate,C3H7O6P,hilic-12,0.169098635,0.787816349,0.013933036,0.101388975,0.09686164,,,,,,,,,,,,,,,,,,,,
Fructose-6-phosphate,C6H13O9P,hilic-07,0.278143139,0.6959563,0.001201268,0.014496352,0.014258439,0.017886888,0.012862521,0.243338232,,,,,,,,,,,,,,,,,
Pyruvate,C3H4O3,hilic-05,0.041684878,0.950830001,0.005319857,0.01181565,0.032034492,,,,,,,,,,,,,,,,,,,,
3-Phosphoglycerate,C3H7O7P,hilic-02,0.04553343,0.95446657,0,0,0.04553343,,,,,,,,,,,,,,,,,,,,
Dihydroxyacetone phosphate,C3H7O6P,hilic-07,0.155121211,0.798875154,0.015316966,0.107376974,0.078430906,,,,,,,,,,,,,,,,,,,,
L-Glutamine,C5H10N2O3,hilic-10,0.029181115,0.862650663,0.128817066,0.008524281,0,0,7.99E-06,,,,,,,,,,,,,,,,,,
L-Aspartic Acid,C4H7NO4,hilic-04,0.456681232,0.543318768,0,0,0,0.456681232,,,,,,,,,,,,,,,,,,,
Xylulose-5-phosphate,C5H11O8P,hilic-05,0.75919973,0.152819786,0.003165343,0.082891169,0.077869935,0.022827675,0.660426093,,,,,,,,,,,,,,,,,,
Glucose-6-phosphate,C6H13O9P,hilic-16,0.420959667,0.56250082,0,0.008068749,0.015149426,0.004775729,0.011962342,0.397542933,,,,,,,,,,,,,,,,,
Sedoheptulose-7-phosphate,C7H15O10P,hilic-04,0.599586717,0.266215333,0.007113508,0.051529182,0.028811698,0.074784421,0.126299988,0.046858661,0.398387209,,,,,,,,,,,,,,,,
L-Glutamic acid,C5H9NO4,hilic-17,0.287892246,0.485276672,0.098432902,0.224209305,0.026470133,0.014855623,0.150755365,,,,,,,,,,,,,,,,,,
Xylulose-5-phosphate,C5H11O8P,hilic-01,0.008257615,0.990440258,0,0,0.003237728,3.52E-05,0.006286834,,,,,,,,,,,,,,,,,,
L-Glutamic acid,C5H9NO4,hilic-05,0.228363256,0.634170227,0.151557881,0.027033687,0,0,0.187238205,,,,,,,,,,,,,,,,,,
Glucose CL,C6H13O6Cl,hilic-02,0.005835219,0.99140316,0,0,0,0.008147899,2.74E-04,1.75E-04,,,,,,,,,,,,,,,,,
Succinate,C4H6O4,hilic-08,0.005089448,0.986744571,0.006153065,0.007102364,0,0,,,,,,,,,,,,,,,,,,,
(iso)Citrate,C6H8O7,hilic-07,0.043756552,0.861048044,0.023314957,0.109675786,0.004968593,0,9.89E-04,3.90E-06,,,,,,,,,,,,,,,,,
L-Aspartic Acid,C4H7NO4,hilic-07,0.389474818,0.609509838,0,0.00147463,0.001112115,0.387903416,,,,,,,,,,,,,,,,,,,
6-Phosphogluconate,C6H13O10P,hilic-08,0.651778223,0.314431417,0.01242457,0.003501687,0.017500719,0.013134168,0.04784207,0.591165369,,,,,,,,,,,,,,,,,
Phosphoenolpyruvate,C3H5O6P,hilic-09,0.733892606,0.235839371,0,0.090804071,0.673356558,,,,,,,,,,,,,,,,,,,,
Pyruvate,C3H4O3,hilic-16,0.257236023,0.718619101,0.0213516,0.029731428,0.230297871,,,,,,,,,,,,,,,,,,,,
Ribose-5-phosphate,C5H11O8P,hilic-08,0.243759041,0.681029392,0.030207032,0.02805203,0.0723924,0.026288821,0.162030326,,,,,,,,,,,,,,,,,,
L-Aspartic Acid,C4H7NO4,hilic-02,0.395590496,0.604409504,0,0,0,0.395590496,,,,,,,,,,,,,,,,,,,
Ribulose-5-phosphate,C5H11O8P,hilic-05,0.769033016,0.128699528,0.010727109,0.098395482,0.074702553,0.023837292,0.663638037,,,,,,,,,,,,,,,,,,
Succinate,C4H6O4,hilic-15,0.037905564,0.912442107,0.024684411,0.061682602,0.00119088,0,,,,,,,,,,,,,,,,,,,
Glyceraldehyde-3-phosphate,C3H7O6P,hilic-02,0.07543886,0.878988099,0.029982664,0.076753794,0.014275443,,,,,,,,,,,,,,,,,,,,
Glyceraldehyde-3-phosphate,C3H7O6P,hilic-16,0.726345839,0.236724196,0.027137755,0.056514383,0.679623665,,,,,,,,,,,,,,,,,,,,
6-Phosphogluconate,C6H13O10P,hilic-18,0.766960375,0.208905837,0.006520515,0.00638306,0.013073418,0.006414886,0.03461789,0.724084394,,,,,,,,,,,,,,,,,
Glyceraldehyde-3-phosphate,C3H7O6P,hilic-07,0.590368834,0.361641367,0.03315198,0.077665439,0.527541214,,,,,,,,,,,,,,,,,,,,
Glucose-6-phosphate,C6H13O9P,hilic-14,0.411176435,0.552668927,0.007800779,0.015278594,0.02095619,0.018000135,0.017940716,0.36735466,,,,,,,,,,,,,,,,,
Alanine,C3H7NO2,hilic-18,0.009856361,0.990045496,0,2.94E-04,0.009660075,,,,,,,,,,,,,,,,,,,,
Sedoheptulose-7-phosphate,C7H15O10P,hilic-17,0.699529738,0.179818973,0.002162841,0.044573769,0.02887967,0.071917017,0.113901431,0.049640537,0.509105762,,,,,,,,,,,,,,,,
Malate,C4H6O5,hilic-02,0.031797893,0.941449138,0.034249635,0.002131487,0,0.02216974,,,,,,,,,,,,,,,,,,,
Acetyl-CoA,C23H38N7O17P3S,hilic-10,0.036049348,0.772185985,0.01649616,0.172814816,0.007482087,0,0.002001367,0.001220127,0.001118605,0.001626086,6.48E-04,0.002422081,0.002294683,0.002491082,3.72E-04,0.00254264,8.62E-04,8.73E-04,0.001106544,8.60E-04,0.003089968,0.001221692,0.003034246,0.001725645,0.001511461
(iso)Citrate,C6H8O7,hilic-14,0.072333153,0.786071897,0.024229506,0.169444396,0.013069735,0.004304401,0.00282658,5.35E-05,,,,,,,,,,,,,,,,,
Ribulose-5-phosphate,C5H11O8P,hilic-10,0.826125104,0.085358477,0.006939123,0.083839389,0.073105538,0.017096367,0.733661108,,,,,,,,,,,,,,,,,,
Ribose-5-phosphate,C5H11O8P,hilic-17,0.538379311,0.364635292,0.034657485,0.052596848,0.075020239,0.038466023,0.434624113,,,,,,,,,,,,,,,,,,
6-Phosphogluconate,C6H13O10P,hilic-15,0.694099553,0.270331511,0.015861686,0.003389797,0.021884364,0.001370485,0.052151938,0.63501022,,,,,,,,,,,,,,,,,
3-Phosphoglycerate,C3H7O7P,hilic-05,0.722108919,0.265421105,0.010785349,0.015839227,0.707954318,,,,,,,,,,,,,,,,,,,,
L-Glutamine,C5H10N2O3,hilic-05,0.020669932,0.898984442,0.098684029,0.002330672,0,0,8.57E-07,,,,,,,,,,,,,,,,,,
Fructose-6-phosphate,C6H13O9P,hilic-13,0.593796015,0.357935949,0.007613303,0.023335127,0.034949769,0.016193192,0.020965501,0.539007158,,,,,,,,,,,,,,,,,
Ribose-5-phosphate,C5H11O8P,hilic-11,0.304672612,0.610770008,0.032589409,0.041039161,0.069320782,0.030670216,0.215610424,,,,,,,,,,,,,,,,,,
Glucose-6-phosphate,C6H13O9P,hilic-08,0.32388719,0.65003735,0.001369963,0.015228663,0.016210607,0.011693096,0.016670276,0.288790044,,,,,,,,,,,,,,,,,
Glyceraldehyde-3-phosphate,C3H7O6P,hilic-01,0.051516456,0.919792725,0.017296593,0.051479271,0.011431411,,,,,,,,,,,,,,,,,,,,
Glucose CL,C6H13O6Cl,hilic-18,0.880611117,0.114984367,0,0,0,0.013213548,0,0.871802085,,,,,,,,,,,,,,,,,
(iso)Citrate,C6H8O7,hilic-13,0.068379771,0.80214784,0.021990001,0.151021541,0.016405877,0.005193086,0.003194368,4.73E-05,,,,,,,,,,,,,,,,,
(iso)Citrate,C6H8O7,hilic-15,0.066218008,0.803413285,0.024959217,0.152396594,0.012237452,0.004180885,0.002755659,5.69E-05,,,,,,,,,,,,,,,,,
Phosphoenolpyruvate,C3H5O6P,hilic-16,0.745647889,0.190017467,0,0.193003931,0.616978602,,,,,,,,,,,,,,,,,,,,
Acetyl-CoA,C23H38N7O17P3S,hilic-15,0.048952074,0.720459327,0.015128427,0.207469365,0,0,0.013686792,2.25E-04,0.001537813,0.005241683,0.002188315,0.003596673,0.002500782,0.003448836,0.0016619,0.003009057,0,0.002131042,0.001540185,0.002244649,0.007000532,0.001052635,6.43E-04,0.003570017,0.001663533
Glucose CL,C6H13O6Cl,hilic-07,0.872368402,0.12502992,0,0,0,0.007805034,0,0.867165046,,,,,,,,,,,,,,,,,
Glucose-6-phosphate,C6H13O9P,hilic-17,0.418411522,0.561130887,0.001149237,0.009489896,0.015831687,0.007433821,0.016677072,0.3882874,,,,,,,,,,,,,,,,,
Pyruvate,C3H4O3,hilic-03,0.013467207,0.984639606,6.60E-05,0.005547496,0.009746866,,,,,,,,,,,,,,,,,,,,
Phosphoenolpyruvate,C3H5O6P,hilic-06,0.713803063,0.172336263,0,0.341582022,0.486081715,,,,,,,,,,,,,,,,,,,,
Phosphoenolpyruvate,C3H5O6P,hilic-05,0.706514244,0.215975928,0,0.232529486,0.551494587,,,,,,,,,,,,,,,,,,,,
Ribose-5-phosphate,C5H11O8P,hilic-06,0.26214511,0.652724876,0.042136845,0.01305643,0.086786663,0.044360077,0.160935109,,,,,,,,,,,,,,,,,,
6-Phosphogluconate,C6H13O10P,hilic-16,0.714718273,0.253881584,0.012059323,0.008599767,0.015996253,0,0.045716411,0.663746662,,,,,,,,,,,,,,,,,
Glyceraldehyde-3-phosphate,C3H7O6P,hilic-17,0.749978253,0.215511526,0.026237569,0.051055525,0.70719538,,,,,,,,,,,,,,,,,,,,
Xylulose-5-phosphate,C5H11O8P,hilic-04,0.759547264,0.146234766,0.004066949,0.090075327,0.081527459,0.021541157,0.656554342,,,,,,,,,,,,,,,,,,
Glucose-6-phosphate,C6H13O9P,hilic-01,0.018729056,0.973267257,0,0.00447001,0.005646699,0.005568556,0.002064871,0.008982607,,,,,,,,,,,,,,,,,
Sedoheptulose-7-phosphate,C7H15O10P,hilic-09,0.64302416,0.217600613,0.004735544,0.058988748,0.029389614,0.077226735,0.127139877,0.048751164,0.436167705,,,,,,,,,,,,,,,,
Glucose-6-phosphate,C6H13O9P,hilic-09,0.309007606,0.661444249,0.003915955,0.016521935,0.018148838,0.010015042,0.017144757,0.272809225,,,,,,,,,,,,,,,,,
Glucose CL,C6H13O6Cl,hilic-15,0.873709466,0.123670646,0,0,0,0.007859664,0,0.86846969,,,,,,,,,,,,,,,,,
Malate,C4H6O5,hilic-01,0.036634021,0.93526129,0.034299231,0.00476053,0,0.025678948,,,,,,,,,,,,,,,,,,,
Glucose CL,C6H13O6Cl,hilic-14,0.874815941,0.122208975,0,0,0,0.008925253,0,0.868865773,,,,,,,,,,,,,,,,,
Pyruvate,C3H4O3,hilic-06,0.043540531,0.947482961,0.006839259,0.013251006,0.032426775,,,,,,,,,,,,,,,,,,,,
Pyruvate,C3H4O3,hilic-07,0.069055698,0.923049497,0.006262638,0.011159138,0.059528727,,,,,,,,,,,,,,,,,,,,
Glucose CL,C6H13O6Cl,hilic-09,0.863381003,0.13388563,0,0,0,0.008200101,0,0.857914268,,,,,,,,,,,,,,,,,
Phosphoenolpyruvate,C3H5O6P,hilic-13,0.773485374,0.190694664,0,0.107459885,0.701845451,,,,,,,,,,,,,,,,,,,,
Succinate,C4H6O4,hilic-13,0.031582956,0.92926331,0.016538163,0.052801919,0.001396608,0,,,,,,,,,,,,,,,,,,,
Xylulose-5-phosphate,C5H11O8P,hilic-15,0.804187213,0.111459397,0.007365649,0.077598466,0.0699603,0.019588354,0.714027834,,,,,,,,,,,,,,,,,,
Dihydroxyacetone phosphate,C3H7O6P,hilic-10,0.176272954,0.771190577,0.023242152,0.111125105,0.094442167,,,,,,,,,,,,,,,,,,,,
Sedoheptulose-7-phosphate,C7H15O10P,hilic-03,0.022433547,0.97309893,0,0,0.003615253,0.002232334,0.003280698,0.003553248,0.014219536,,,,,,,,,,,,,,,,
Dihydroxyacetone phosphate,C3H7O6P,hilic-16,0.292517655,0.689839361,0.007487457,0.03795404,0.264719143,,,,,,,,,,,,,,,,,,,,
Glyceraldehyde-3-phosphate,C3H7O6P,hilic-10,0.618566912,0.332729937,0.036196263,0.073716924,0.557356875,,,,,,,,,,,,,,,,,,,,
Glucose-6-phosphate,C6H13O9P,hilic-05,0.314206685,0.651242913,0.005388088,0.020824055,0.020377191,0.009421434,0.017091309,0.27565501,,,,,,,,,,,,,,,,,
Acetyl-CoA,C23H38N7O17P3S,hilic-14,0.049420855,0.748600291,0,0.197867286,0,0,0.009710228,0.002830153,0.001086895,0.001385938,0.001633335,0.004447914,0,0.002118407,0.001506401,0.002160585,0.002336285,0.001323022,0.001710511,0.002567097,0.003961236,0.005078862,0.003296447,0.001998821,0.004380287
Glyceraldehyde-3-phosphate,C3H7O6P,hilic-03,0.051879529,0.91348494,0.021732633,0.060441329,0.004341099,,,,,,,,,,,,,,,,,,,,
(iso)Citrate,C6H8O7,hilic-03,0.010025097,0.958354214,0.025860646,0.014449184,3.55E-04,5.79E-04,4.02E-04,0,,,,,,,,,,,,,,,,,
Xylulose-5-phosphate,C5H11O8P,hilic-13,0.796770764,0.116711541,0.003364326,0.081825839,0.07453246,0.024588735,0.6989771,,,,,,,,,,,,,,,,,,
L-Glutamine,C5H10N2O3,hilic-12,0.028119141,0.867998659,0.123424988,0.00857035,0,0,6.00E-06,,,,,,,,,,,,,,,,,,
(iso)Citrate,C6H8O7,hilic-01,0.014519527,0.931839218,0.051246106,0.016082465,0,4.55E-04,3.77E-04,0,,,,,,,,,,,,,,,,,
3-Phosphoglycerate,C3H7O7P,hilic-15,0.734537411,0.254477034,0.009788732,0.013379203,0.722355032,,,,,,,,,,,,,,,,,,,,
L-Glutamic acid,C5H9NO4,hilic-11,0.252151133,0.60213993,0.100564477,0.108276726,7.28E-04,0,0.188290569,,,,,,,,,,,,,,,,,,
L-Glutamic acid,C5H9NO4,hilic-08,0.233613191,0.640862124,0.111575816,0.060440053,0,0,0.187122007,,,,,,,,,,,,,,,,,,
L-Glutamic acid,C5H9NO4,hilic-04,0.228661581,0.682234892,0.09464657,0.022310452,0,0,0.200808086,,,,,,,,,,,,,,,,,,
L-Glutamic acid,C5H9NO4,hilic-18,0.286845127,0.475216241,0.104877551,0.234420383,0.025581733,0.015758344,0.144145749,,,,,,,,,,,,,,,,,,
Glucose-6-phosphate,C6H13O9P,hilic-12,0.39252864,0.581003573,0.003632782,0.012634724,0.017697954,0.010803097,0.015403866,0.358824005,,,,,,,,,,,,,,,,,
3-Phosphoglycerate,C3H7O7P,hilic-09,0.720372036,0.272973346,0.006288479,0.007386898,0.713351278,,,,,,,,,,,,,,,,,,,,
Phosphoenolpyruvate,C3H5O6P,hilic-07,0.786321368,0.197788712,0,0.047669759,0.754541529,,,,,,,,,,,,,,,,,,,,
Acetyl-CoA,C23H38N7O17P3S,hilic-02,0.021791931,0.962574488,0,0,0,0.005176614,1.70E-04,0,0.002809491,0,0.003806424,5.51E-04,0.001334664,0.002718823,0.001693253,0.001603644,0.003336472,9.26E-04,9.21E-04,0.004853063,0.001303921,0.001178796,0.001287913,0.001166009,0.002588089
Ribose-5-phosphate,C5H11O8P,hilic-05,0.220776218,0.704384119,0.037910074,0.010880299,0.078532554,0.032852016,0.135440938,,,,,,,,,,,,,,,,,,
Dihydroxyacetone phosphate,C3H7O6P,hilic-04,0.14549096,0.795600597,0.027813991,0.121097349,0.055488063,,,,,,,,,,,,,,,,,,,,
L-Glutamine,C5H10N2O3,hilic-16,0.032619161,0.851156846,0.134683835,0.014128208,0,0,3.11E-05,,,,,,,,,,,,,,,,,,
Dihydroxyacetone phosphate,C3H7O6P,hilic-15,0.198480109,0.756644573,0.021184387,0.092257182,0.129913859,,,,,,,,,,,,,,,,,,,,
Ribose-5-phosphate,C5H11O8P,hilic-03,0.09477829,0.836152755,0.033365677,0.009882748,0.077457696,0.027318431,0.015822693,,,,,,,,,,,,,,,,,,
3-Phosphoglycerate,C3H7O7P,hilic-12,0.762165044,0.230197314,0.007918518,0.00707589,0.754808278,,,,,,,,,,,,,,,,,,,,
Dihydroxyacetone phosphate,C3H7O6P,hilic-02,0.108754227,0.832506341,0.021664931,0.132888434,0.012940295,,,,,,,,,,,,,,,,,,,,
Sedoheptulose-7-phosphate,C7H15O10P,hilic-02,0.019303482,0.97669168,0,0,0.003662982,0.001190432,0.002181453,0.005447735,0.010825718,,,,,,,,,,,,,,,,
Ribose-5-phosphate,C5H11O8P,hilic-10,0.313434866,0.611056585,0.029463369,0.03739276,0.062558187,0.022394612,0.237134487,,,,,,,,,,,,,,,,,,
Alanine,C3H7NO2,hilic-02,6.73E-04,0.99932725,0,0,6.73E-04,,,,,,,,,,,,,,,,,,,,
L-Aspartic Acid,C4H7NO4,hilic-18,0.540771277,0.429602122,0.005618251,0.041488828,0.018673993,0.504616805,,,,,,,,,,,,,,,,,,,
Ribulose-5-phosphate,C5H11O8P,hilic-17,0.85466956,0.072815003,0.005039063,0.069134405,0.060930536,0.013156649,0.778924345,,,,,,,,,,,,,,,,,,
Glyceraldehyde-3-phosphate,C3H7O6P,hilic-05,0.511785729,0.427533321,0.038761121,0.104520608,0.42918495,,,,,,,,,,,,,,,,,,,,
Ribulose-5-phosphate,C5H11O8P,hilic-11,0.80442739,0.102294266,0.006870449,0.089074261,0.074928528,0.021830084,0.705002412,,,,,,,,,,,,,,,,,,
Dihydroxyacetone phosphate,C3H7O6P,hilic-06,0.167837628,0.759265964,0.032347878,0.153993467,0.054392691,,,,,,,,,,,,,,,,,,,,
Sedoheptulose-7-phosphate,C7H15O10P,hilic-15,0.719653297,0.139332828,0.007605723,0.051682997,0.032893509,0.080868773,0.127980999,0.052905445,0.506729725,,,,,,,,,,,,,,,,
Sedoheptulose-7-phosphate,C7H15O10P,hilic-06,0.576396565,0.297951296,0.007132036,0.049342348,0.026993093,0.066615316,0.116496235,0.049250225,0.386219451,,,,,,,,,,,,,,,,
Glucose-6-phosphate,C6H13O9P,hilic-06,0.338052774,0.620060415,0.010906349,0.023536751,0.01761851,0.012903967,0.023978658,0.290995351,,,,,,,,,,,,,,,,,
Malate,C4H6O5,hilic-07,0.047035449,0.919623542,0.0299494,0.012683325,0.018149184,0.019594548,,,,,,,,,,,,,,,,,,,
Glucose CL,C6H13O6Cl,hilic-01,0.004601322,0.993226824,0,0,0,0.006393591,2.44E-04,1.36E-04,,,,,,,,,,,,,,,,,
(iso)Citrate,C6H8O7,hilic-06,0.030030719,0.904799176,0.016393284,0.074062771,0.004005646,5.39E-05,6.78E-04,6.80E-06,,,,,,,,,,,,,,,,,
6-Phosphogluconate,C6H13O10P,hilic-09,0.664982848,0.306085518,0.011133693,0.006266733,0.00990182,0.010811125,0.041526693,0.614274418,,,,,,,,,,,,,,,,,
Ribulose-5-phosphate,C5H11O8P,hilic-12,0.804753496,0.102581316,0.007695301,0.091768566,0.069059263,0.019120513,0.709775041,,,,,,,,,,,,,,,,,,
Malate,C4H6O5,hilic-18,0.153014197,0.716314696,0.060437147,0.140381745,0.060609497,0.022256915,,,,,,,,,,,,,,,,,,,
Sedoheptulose-7-phosphate,C7H15O10P,hilic-18,0.707484456,0.167999619,0.003457012,0.043515301,0.030365792,0.076182632,0.117056258,0.049169312,0.512254073,,,,,,,,,,,,,,,,
6-Phosphogluconate,C6H13O10P,hilic-03,0.068444545,0.923795896,0.003618982,0,0.006290155,0,0.009591985,0.056702982,,,,,,,,,,,,,,,,,
6-Phosphogluconate,C6H13O10P,hilic-04,0.613944026,0.345562127,0.021498943,0.006910063,0.020014623,0,0.047784239,0.558230004,,,,,,,,,,,,,,,,,
Phosphoenolpyruvate,C3H5O6P,hilic-18,0.7906877,0.188766035,0,0.061638796,0.749595169,,,,,,,,,,,,,,,,,,,,
L-Aspartic Acid,C4H7NO4,hilic-15,0.467147058,0.522665514,0,0.017347212,0.006055288,0.453931986,,,,,,,,,,,,,,,,,,,
L-Glutamic acid,C5H9NO4,hilic-01,0.234220003,0.638303203,0.149370072,0.013301228,0,0,0.199025497,,,,,,,,,,,,,,,,,,
6-Phosphogluconate,C6H13O10P,hilic-14,0.680709678,0.280244995,0.020042271,0.002275991,0.023011018,0,0.055923586,0.618502139,,,,,,,,,,,,,,,,,
L-Glutamic acid,C5H9NO4,hilic-10,0.253916382,0.596514913,0.102325955,0.112295671,8.26E-04,0,0.188037116,,,,,,,,,,,,,,,,,,
3-Phosphoglycerate,C3H7O7P,hilic-08,0.761071644,0.231563892,0.007980094,0.006133201,0.754322812,,,,,,,,,,,,,,,,,,,,
L-Glutamine,C5H10N2O3,hilic-06,0.01633046,0.921568799,0.075216187,0.003212984,0,0,2.03E-06,,,,,,,,,,,,,,,,,,
6-Phosphogluconate,C6H13O10P,hilic-06,0.6147087,0.34294419,0.021402178,0.009119951,0.020463578,0.001751432,0.045698368,0.558620303,,,,,,,,,,,,,,,,,
Succinate,C4H6O4,hilic-10,0.017563465,0.959932974,0.00996119,0.030024836,8.10E-05,0,,,,,,,,,,,,,,,,,,,
Pyruvate,C3H4O3,hilic-10,0.098796774,0.887453717,0.011229732,0.018789063,0.082527488,,,,,,,,,,,,,,,,,,,,
Acetyl-CoA,C23H38N7O17P3S,hilic-04,0.03536207,0.835590385,0.0127968,0.111152955,0,1.40E-04,1.06E-04,0.001775275,0.001928076,7.54E-04,0.003296535,0.002619404,0.004089002,0.004879419,3.00E-04,0.00311599,0,0.001282396,0.003536123,0.003148195,0.001648905,0.001682478,0.001021601,0.001820091,0.003315563
Malate,C4H6O5,hilic-11,0.065928986,0.884687171,0.035578933,0.032514978,0.025768617,0.0214503,,,,,,,,,,,,,,,,,,,
Malate,C4H6O5,hilic-17,0.151795525,0.719933073,0.058736901,0.138535306,0.059804291,0.022990428,,,,,,,,,,,,,,,,,,,
Alanine,C3H7NO2,hilic-03,0.003935398,0.996064602,0,0,0.003935398,,,,,,,,,,,,,,,,,,,,
Dihydroxyacetone phosphate,C3H7O6P,hilic-17,0.274897613,0.706832056,0.0094148,0.035981394,0.247771751,,,,,,,,,,,,,,,,,,,,
Xylulose-5-phosphate,C5H11O8P,hilic-18,0.846741866,0.086017562,0,0.067929243,0.061734029,0.008947075,0.775372091,,,,,,,,,,,,,,,,,,
L-Aspartic Acid,C4H7NO4,hilic-09,0.398643178,0.601086534,0,5.41E-04,0,0.398372891,,,,,,,,,,,,,,,,,,,
Ribulose-5-phosphate,C5H11O8P,hilic-14,0.826886823,0.087108966,0.007569939,0.078711181,0.073117107,0.017373542,0.736119265,,,,,,,,,,,,,,,,,,
Acetyl-CoA,C23H38N7O17P3S,hilic-06,0.040707764,0.847010368,0.019037768,0.077494434,0.003980244,8.68E-04,0.004888272,0,0.001297463,0.002475502,0.005187267,0.00179399,0.002819557,0.00127349,0.003215166,0.005330611,0.001401392,0.001136024,0.001824931,0.003073248,0.00238231,0.00414753,0,0.002920407,0.006441709
L-Glutamine,C5H10N2O3,hilic-03,0.02230104,0.893017891,0.102476848,0.004499317,0,0,5.94E-06,,,,,,,,,,,,,,,,,,
Dihydroxyacetone phosphate,C3H7O6P,hilic-13,0.212132814,0.733759785,0.026302411,0.109717383,0.130220421,,,,,,,,,,,,,,,,,,,,
Malate,C4H6O5,hilic-16,0.149721602,0.730116282,0.05473882,0.121777888,0.072876228,0.020490782,,,,,,,,,,,,,,,,,,,
Succinate,C4H6O4,hilic-07,0.006063135,0.984008034,0.007731392,0.008260575,0,0,,,,,,,,,,,,,,,,,,,
3-Phosphoglycerate,C3H7O7P,hilic-07,0.726827964,0.261233173,0.010055591,0.01570541,0.713005827,,,,,,,,,,,,,,,,,,,,
Pyruvate,C3H4O3,hilic-02,0.016553043,0.979753703,0.001506589,0.008066586,0.010673122,,,,,,,,,,,,,,,,,,,,
Glucose-6-phosphate,C6H13O9P,hilic-07,0.38160482,0.589774435,0.003643205,0.016111175,0.0171733,0.009735806,0.018072231,0.345489848,,,,,,,,,,,,,,,,,
Glyceraldehyde-3-phosphate,C3H7O6P,hilic-06,0.541028469,0.393586683,0.043928396,0.108297752,0.454187169,,,,,,,,,,,,,,,,,,,,
Malate,C4H6O5,hilic-03,0.033503597,0.941971274,0.031697483,0.001504033,0,0.02482721,,,,,,,,,,,,,,,,,,,
Fructose-6-phosphate,C6H13O9P,hilic-06,0.188690075,0.770958741,0.006580957,0.024911046,0.02085158,0.016099251,0.014804893,0.145793531,,,,,,,,,,,,,,,,,
Succinate,C4H6O4,hilic-12,0.016193901,0.962996099,0.009322308,0.027591483,9.01E-05,0,,,,,,,,,,,,,,,,,,,
Succinate,C4H6O4,hilic-05,0.001483176,0.994067297,0.005932703,0,0,0,,,,,,,,,,,,,,,,,,,
Succinate,C4H6O4,hilic-09,0.005606941,0.983771289,0.010029658,0.006199053,0,0,,,,,,,,,,,,,,,,,,,
Fructose-6-phosphate,C6H13O9P,hilic-16,0.751715977,0.213875871,0.004758251,0.026681862,0.013436541,0.012493089,0.010634409,0.718119977,,,,,,,,,,,,,,,,,
Pyruvate,C3H4O3,hilic-18,0.282331658,0.692686074,0.021994499,0.030957805,0.254361621,,,,,,,,,,,,,,,,,,,,
Xylulose-5-phosphate,C5H11O8P,hilic-03,0.009324494,0.988851519,0,0,0.00426003,6.00E-04,0.006288577,,,,,,,,,,,,,,,,,,
Acetyl-CoA,C23H38N7O17P3S,hilic-18,0.060110824,0.594488785,0.008191251,0.29714963,0.007945849,0,0.053064146,0.001882611,0.013968605,0,0.001797971,0.001228851,5.43E-04,0.002432922,9.75E-04,0.001960122,0.00146059,0.001340499,9.45E-04,4.67E-04,0.002733192,0.003043293,2.91E-04,0.002752572,0.001338017
Ribose-5-phosphate,C5H11O8P,hilic-09,0.261658688,0.668391058,0.026256342,0.021111075,0.073796033,0.033800609,0.176644883,,,,,,,,,,,,,,,,,,
L-Aspartic Acid,C4H7NO4,hilic-05,0.409519365,0.590480635,0,0,0,0.409519365,,,,,,,,,,,,,,,,,,,
Glucose CL,C6H13O6Cl,hilic-04,0.869110153,0.127621855,0,0,0,0.009803974,0,0.86257417,,,,,,,,,,,,,,,,,
Pyruvate,C3H4O3,hilic-09,0.074591178,0.915208833,0.008002606,0.014594754,0.062193806,,,,,,,,,,,,,,,,,,,,
Acetyl-CoA,C23H38N7O17P3S,hilic-01,0.025562126,0.959706711,0,0,0,0.001330046,0.001091737,0.002253939,0,0.001811353,0.001141396,0.003122741,0.001448825,0.002645648,0.003403673,0.002405589,1.49E-04,0.003435984,0.002922098,0.00271134,9.95E-04,8.32E-04,1.84E-05,0.006809879,0.00176481
Sedoheptulose-7-phosphate,C7H15O10P,hilic-11,0.654600821,0.216194348,0.0059639,0.048827738,0.02956399,0.07326902,0.116091283,0.054266137,0.455823583,,,,,,,,,,,,,,,,
Phosphoenolpyruvate,C3H5O6P,hilic-10,0.757896971,0.216824775,0,0.075834762,0.707340462,,,,,,,,,,,,,,,,,,,,
Glyceraldehyde-3-phosphate,C3H7O6P,hilic-04,0.526431551,0.409709723,0.043140905,0.105294365,0.441855006,,,,,,,,,,,,,,,,,,,,
Ribulose-5-phosphate,C5H11O8P,hilic-02,0.0145666,0.981745385,0,0,0.006856513,0.004727048,0.006671054,,,,,,,,,,,,,,,,,,
Glucose-6-phosphate,C6H13O9P,hilic-02,0.024906492,0.961641194,0,0.008937515,0.007724556,0.008494891,0.004800374,0.008401469,,,,,,,,,,,,,,,,,
Ribulose-5-phosphate,C5H11O8P,hilic-18,0.857503638,0.069843707,0.004190487,0.070237984,0.063674436,0.008438506,0.78361488,,,,,,,,,,,,,,,,,,
Sedoheptulose-7-phosphate,C7H15O10P,hilic-10,0.675260381,0.199309236,0.004256706,0.04203792,0.029676869,0.073511099,0.123130858,0.056780358,0.471296954,,,,,,,,,,,,,,,,
Alanine,C3H7NO2,hilic-01,0.002954896,0.997045104,0,0,0.002954896,,,,,,,,,,,,,,,,,,,,
Ribose-5-phosphate,C5H11O8P,hilic-12,0.289176125,0.640029121,0.025417766,0.032737974,0.065769336,0.022550109,0.213495693,,,,,,,,,,,,,,,,,,
Glyceraldehyde-3-phosphate,C3H7O6P,hilic-15,0.661238801,0.288462205,0.038036676,0.07482363,0.598677489,,,,,,,,,,,,,,,,,,,,
3-Phosphoglycerate,C3H7O7P,hilic-13,0.75473303,0.233517918,0.010322973,0.01460121,0.741557899,,,,,,,,,,,,,,,,,,,,
Sedoheptulose-7-phosphate,C7H15O10P,hilic-05,0.641677257,0.217961932,0.010025338,0.051572596,0.032903338,0.0726304,0.132114041,0.050778034,0.432014321,,,,,,,,,,,,,,,,
Alanine,C3H7NO2,hilic-05,0.006127577,0.993872423,0,0,0.006127577,,,,,,,,,,,,,,,,,,,,
Malate,C4H6O5,hilic-08,0.047805691,0.917388515,0.03256604,0.012709736,0.016105585,0.021230125,,,,,,,,,,,,,,,,,,,
Alanine,C3H7NO2,hilic-14,0.005733362,0.994266638,0,0,0.005733362,,,,,,,,,,,,,,,,,,,,
Glucose CL,C6H13O6Cl,hilic-08,0.880002612,0.116715398,0,0,0,0.00984597,0,0.873438632,,,,,,,,,,,,,,,,,
L-Glutamic acid,C5H9NO4,hilic-15,0.262917229,0.535217942,0.115841318,0.178608548,0.005066616,0,0.165265576,,,,,,,,,,,,,,,,,,
Acetyl-CoA,C23H38N7O17P3S,hilic-07,0.036153452,0.809870662,0.004422612,0.149347936,0,0,0.001695624,0.002443081,0.001026739,0.001323009,8.26E-04,0.004721569,6.02E-04,0.001741757,0,0,0.00134762,0.002724401,0.006870396,0.004167489,0,8.55E-04,0.001655215,0.002397523,0.001960777
Malate,C4H6O5,hilic-06,0.039318871,0.948181796,0.014013142,6.05E-04,0.006747771,0.030452223,,,,,,,,,,,,,,,,,,,
Fructose-6-phosphate,C6H13O9P,hilic-09,0.269560998,0.70112695,0.003214138,0.016872197,0.014854629,0.017438671,0.012871605,0.23362181,,,,,,,,,,,,,,,,,
(iso)Citrate,C6H8O7,hilic-05,0.037602084,0.877342657,0.023510585,0.09647256,0.002107094,0,5.67E-04,0,,,,,,,,,,,,,,,,,
Ribose-5-phosphate,C5H11O8P,hilic-18,0.523570028,0.377895147,0.034784613,0.054912281,0.074491141,0.039816548,0.41810027,,,,,,,,,,,,,,,,,,
Malate,C4H6O5,hilic-15,0.085114549,0.846753733,0.038743105,0.059016868,0.038263819,0.017222475,,,,,,,,,,,,,,,,,,,
Sedoheptulose-7-phosphate,C7H15O10P,hilic-07,0.693355389,0.155426201,0.010636778,0.055966446,0.034473089,0.084119885,0.136775486,0.051072986,0.471529129,,,,,,,,,,,,,,,,
Glucose-6-phosphate,C6H13O9P,hilic-10,0.389924673,0.582851368,0.003831367,0.012768588,0.018873591,0.00857857,0.019334652,0.353761864,,,,,,,,,,,,,,,,,
Xylulose-5-phosphate,C5H11O8P,hilic-16,0.837321926,0.096223409,0,0.066425489,0.060531468,0.01193392,0.764885713,,,,,,,,,,,,,,,,,,
Fructose-6-phosphate,C6H13O9P,hilic-14,0.598217309,0.357960547,0.009643247,0.020247536,0.028372652,0.015159105,0.018290323,0.55032659,,,,,,,,,,,,,,,,,
Fructose-6-phosphate,C6H13O9P,hilic-15,0.599002393,0.360988424,0.007192944,0.012261528,0.033472872,0.018334212,0.017957223,0.549792796,,,,,,,,,,,,,,,,,
Glucose-6-phosphate,C6H13O9P,hilic-18,0.453996428,0.527341041,0.001020944,0.009423029,0.014027189,0.006914445,0.013267885,0.428005466,,,,,,,,,,,,,,,,,
3-Phosphoglycerate,C3H7O7P,hilic-18,0.811768753,0.181385739,0.007870128,0.004796269,0.805947864,,,,,,,,,,,,,,,,,,,,
6-Phosphogluconate,C6H13O10P,hilic-12,0.675673631,0.293935562,0.009924169,0.00521214,0.017780794,0.00983119,0.038870673,0.624445472,,,,,,,,,,,,,,,,,
Glyceraldehyde-3-phosphate,C3H7O6P,hilic-18,0.767632173,0.198699937,0.026092011,0.048819647,0.726388405,,,,,,,,,,,,,,,,,,,,
L-Aspartic Acid,C4H7NO4,hilic-13,0.453106057,0.533175687,0,0.021459639,0.011953748,0.433410927,,,,,,,,,,,,,,,,,,,
Ribose-5-phosphate,C5H11O8P,hilic-01,0.087269029,0.851809419,0.037004302,0.002148352,0.069946517,0.010252464,0.028838947,,,,,,,,,,,,,,,,,,
Fructose-6-phosphate,C6H13O9P,hilic-08,0.274344476,0.690796502,0.006190147,0.017577025,0.019783751,0.016004964,0.016534118,0.233113493,,,,,,,,,,,,,,,,,
Dihydroxyacetone phosphate,C3H7O6P,hilic-05,0.144079029,0.793197469,0.035348849,0.117472809,0.053980873,,,,,,,,,,,,,,,,,,,,
L-Glutamic acid,C5H9NO4,hilic-16,0.288536699,0.412687102,0.135788919,0.298198076,0.020334476,0.015462144,0.117529284,,,,,,,,,,,,,,,,,,
(iso)Citrate,C6H8O7,hilic-09,0.041879923,0.865165464,0.02540133,0.104162703,0.004406951,0,8.49E-04,1.42E-05,,,,,,,,,,,,,,,,,
Glucose CL,C6H13O6Cl,hilic-13,0.876693623,0.119825809,0,0,0,0.010441705,0,0.869732486,,,,,,,,,,,,,,,,,
Xylulose-5-phosphate,C5H11O8P,hilic-17,0.839665416,0.091687796,0,0.070631297,0.060355364,0.010629319,0.766696223,,,,,,,,,,,,,,,,,,
Glucose CL,C6H13O6Cl,hilic-11,0.874564092,0.122212496,0,0,0,0.009670236,0,0.868117268,,,,,,,,,,,,,,,,,
(iso)Citrate,C6H8O7,hilic-11,0.059718566,0.816777167,0.028887411,0.139106886,0.011626307,0.001701866,0.001878348,2.20E-05,,,,,,,,,,,,,,,,,
3-Phosphoglycerate,C3H7O7P,hilic-03,0.079445713,0.920464608,0,2.69E-04,0.079266353,,,,,,,,,,,,,,,,,,,,
Fructose-6-phosphate,C6H13O9P,hilic-02,0.040659892,0.938382068,0.001347538,0.00991577,0.013437262,0.015095266,0.008845154,0.012976944,,,,,,,,,,,,,,,,,
Phosphoenolpyruvate,C3H5O6P,hilic-14,0.73470405,0.195016026,0,0.21083977,0.594144204,,,,,,,,,,,,,,,,,,,,
Glucose CL,C6H13O6Cl,hilic-10,0.869242576,0.12682221,0,0,0,0.011805641,0,0.861372149,,,,,,,,,,,,,,,,,
Alanine,C3H7NO2,hilic-07,0.006077543,0.993922457,0,0,0.006077543,,,,,,,,,,,,,,,,,,,,
3-Phosphoglycerate,C3H7O7P,hilic-10,0.787436056,0.204050042,0.008841786,0.007858135,0.779250037,,,,,,,,,,,,,,,,,,,,
Xylulose-5-phosphate,C5H11O8P,hilic-10,0.812702652,0.108186376,1.11E-04,0.079412993,0.069312343,0.01824802,0.724729475,,,,,,,,,,,,,,,,,,
L-Aspartic Acid,C4H7NO4,hilic-16,0.560012691,0.42327794,8.79E-04,0.029063241,0.006074379,0.540705569,,,,,,,,,,,,,,,,,,,
Sedoheptulose-7-phosphate,C7H15O10P,hilic-14,0.718218701,0.14358633,0.005536942,0.050753723,0.030616865,0.07877619,0.132219455,0.057139581,0.501370915,,,,,,,,,,,,,,,,
Xylulose-5-phosphate,C5H11O8P,hilic-06,0.760307884,0.146612683,0.006261553,0.085274319,0.080605167,0.023317662,0.657928616,,,,,,,,,,,,,,,,,,
Succinate,C4H6O4,hilic-16,0.095991652,0.785408192,0.056461386,0.146886043,0.011244379,0,,,,,,,,,,,,,,,,,,,
Alanine,C3H7NO2,hilic-13,0.005686562,0.994313438,0,0,0.005686562,,,,,,,,,,,,,,,,,,,,
Ribose-5-phosphate,C5H11O8P,hilic-15,0.330362365,0.571169873,0.039900456,0.039136999,0.085018998,0.045287996,0.219485679,,,,,,,,,,,,,,,,,,
Glucose CL,C6H13O6Cl,hilic-05,0.868531424,0.128398822,0,0,0,0.009209262,0,0.862391915,,,,,,,,,,,,,,,,,
Sedoheptulose-7-phosphate,C7H15O10P,hilic-08,0.635223106,0.23038278,0.003859491,0.053655427,0.028657098,0.078501115,0.127515622,0.044161739,0.433266729,,,,,,,,,,,,,,,,
Dihydroxyacetone phosphate,C3H7O6P,hilic-14,0.199078212,0.755349448,0.019807706,0.097101607,0.127741239,,,,,,,,,,,,,,,,,,,,
3-Phosphoglycerate,C3H7O7P,hilic-01,0.049308572,0.950691428,0,0,0.049308572,,,,,,,,,,,,,,,,,,,,
Xylulose-5-phosphate,C5H11O8P,hilic-12,0.795134613,0.123394455,0,0.084146665,0.067221421,0.020471822,0.704765637,,,,,,,,,,,,,,,,,,
Alanine,C3H7NO2,hilic-11,0.004910878,0.995089122,0,0,0.004910878,,,,,,,,,,,,,,,,,,,,
L-Glutamine,C5H10N2O3,hilic-09,0.021807885,0.894173229,0.102622157,0.003201934,0,0,2.68E-06,,,,,,,,,,,,,,,,,,
Pyruvate,C3H4O3,hilic-12,0.107060164,0.876969424,0.012863277,0.022184682,0.087982617,,,,,,,,,,,,,,,,,,,,
L-Glutamine,C5H10N2O3,hilic-01,0.031387735,0.848158164,0.146744998,0.005096837,0,0,0,,,,,,,,,,,,,,,,,,
Glucose CL,C6H13O6Cl,hilic-12,0.875426224,0.121289843,0,0,0,0.009851798,0,0.868858359,,,,,,,,,,,,,,,,,
Glucose CL,C6H13O6Cl,hilic-16,0.865644285,0.131096383,0,0,0,0.009777996,0,0.859125621,,,,,,,,,,,,,,,,,
Malate,C4H6O5,hilic-10,0.068669869,0.877855876,0.038678929,0.035071315,0.027717606,0.020676275,,,,,,,,,,,,,,,,,,,
Glyceraldehyde-3-phosphate,C3H7O6P,hilic-13,0.626877225,0.314962462,0.040799019,0.092882902,0.551355617,,,,,,,,,,,,,,,,,,,,
Malate,C4H6O5,hilic-04,0.035362973,0.947244392,0.019938587,0.00111333,0.007528121,0.02417557,,,,,,,,,,,,,,,,,,,
Ribose-5-phosphate,C5H11O8P,hilic-16,0.507877218,0.384172554,0.036967118,0.063182888,0.082574344,0.037185313,0.395917783,,,,,,,,,,,,,,,,,,
L-Aspartic Acid,C4H7NO4,hilic-08,0.376323762,0.621743585,0,0.00166803,0.004394552,0.372193833,,,,,,,,,,,,,,,,,,,
Ribose-5-phosphate,C5H11O8P,hilic-13,0.349006422,0.556085729,0.032838998,0.047590581,0.088255242,0.023901029,0.251328422,,,,,,,,,,,,,,,,,,
Glyceraldehyde-3-phosphate,C3H7O6P,hilic-11,0.594371399,0.350809848,0.043907741,0.076640778,0.528641634,,,,,,,,,,,,,,,,,,,,
Phosphoenolpyruvate,C3H5O6P,hilic-02,0.019566526,0.973583898,0,0.020548729,0.005867373,,,,,,,,,,,,,,,,,,,,
L-Aspartic Acid,C4H7NO4,hilic-06,0.493353896,0.506646104,0,0,0,0.493353896,,,,,,,,,,,,,,,,,,,
Succinate,C4H6O4,hilic-18,0.08169021,0.819893206,0.044373172,0.124813199,0.010920423,0,,,,,,,,,,,,,,,,,,,
Acetyl-CoA,C23H38N7O17P3S,hilic-09,0.036442043,0.815876867,0.012682303,0.133533884,0,0,0,0,0.002768842,0.002611152,0.003060193,9.45E-04,0.00277764,0.002033489,0.002240582,0.002957164,0.001982429,0.001354725,0.001130789,0.003850047,0.002478048,9.42E-04,0.002211002,0.001585477,0.002978049
Fructose-6-phosphate,C6H13O9P,hilic-18,0.745198184,0.222241805,0.004572412,0.020602173,0.013353367,0.017792906,0.014443404,0.706993933,,,,,,,,,,,,,,,,,
Malate,C4H6O5,hilic-13,0.090938999,0.836361387,0.038796198,0.069135019,0.036139825,0.019567571,,,,,,,,,,,,,,,,,,,
Xylulose-5-phosphate,C5H11O8P,hilic-11,0.790257681,0.123984295,4.59E-04,0.088786092,0.069959182,0.020676635,0.696134585,,,,,,,,,,,,,,,,,,
Ribose-5-phosphate,C5H11O8P,hilic-02,0.092879733,0.847510688,0.029972886,0.00682984,0.070859602,0.015947628,0.028879356,,,,,,,,,,,,,,,,,,
3-Phosphoglycerate,C3H7O7P,hilic-16,0.769501118,0.220614353,0.009628046,0.010397495,0.759360106,,,,,,,,,,,,,,,,,,,,
Alanine,C3H7NO2,hilic-15,0.007479494,0.992443803,0,2.30E-04,0.00732609,,,,,,,,,,,,,,,,,,,,
Fructose-6-phosphate,C6H13O9P,hilic-05,0.176191251,0.793166818,0.003029986,0.022900128,0.010802384,0.01611171,0.012470578,0.141518397,,,,,,,,,,,,,,,,,
6-Phosphogluconate,C6H13O10P,hilic-05,0.584956751,0.368415811,0.022431973,0.013007264,0.020189952,0.003982254,0.047041338,0.524931407,,,,,,,,,,,,,,,,,
(iso)Citrate,C6H8O7,hilic-18,0.124872801,0.651695356,0.034622585,0.261387332,0.02665687,0.016651309,0.008655573,3.31E-04,,,,,,,,,,,,,,,,,
6-Phosphogluconate,C6H13O10P,hilic-02,0.047221655,0.948770644,0,0,0.00490056,0.001361944,0.006620642,0.03834621,,,,,,,,,,,,,,,,,
Ribose-5-phosphate,C5H11O8P,hilic-07,0.237896695,0.681477842,0.02991253,0.036000788,0.076775227,0.021924381,0.153909233,,,,,,,,,,,,,,,,,,
L-Glutamic acid,C5H9NO4,hilic-07,0.232501889,0.624703983,0.131564674,0.062570648,0,0,0.181160695,,,,,,,,,,,,,,,,,,
(iso)Citrate,C6H8O7,hilic-17,0.122986805,0.662562642,0.025870413,0.257678125,0.028234018,0.01661178,0.008713142,3.30E-04,,,,,,,,,,,,,,,,,
Dihydroxyacetone phosphate,C3H7O6P,hilic-08,0.16238888,0.790937931,0.019172432,0.101674701,0.088214935,,,,,,,,,,,,,,,,,,,,
Phosphoenolpyruvate,C3H5O6P,hilic-15,0.786238008,0.182177907,0,0.094752252,0.72306984,,,,,,,,,,,,,,,,,,,,
6-Phosphogluconate,C6H13O10P,hilic-01,0.045036249,0.952063137,0,0,0.003543446,0,0.006773342,0.037620075,,,,,,,,,,,,,,,,,
Phosphoenolpyruvate,C3H5O6P,hilic-11,0.736065651,0.234864107,0,0.087210727,0.677925166,,,,,,,,,,,,,,,,,,,,
3-Phosphoglycerate,C3H7O7P,hilic-04,0.751650988,0.240123288,0.008085488,0.008506194,0.74328503,,,,,,,,,,,,,,,,,,,,
L-Aspartic Acid,C4H7NO4,hilic-17,0.566663255,0.404564939,0.006213959,0.040020288,0.01640477,0.532796044,,,,,,,,,,,,,,,,,,,
Glyceraldehyde-3-phosphate,C3H7O6P,hilic-09,0.565779847,0.384575102,0.036378849,0.076177455,0.502868594,,,,,,,,,,,,,,,,,,,,
Glucose-6-phosphate,C6H13O9P,hilic-04,0.299656093,0.664975795,0.006449515,0.018684601,0.022540513,0.010002567,0.017596019,0.25975099,,,,,,,,,,,,,,,,,
Fructose-6-phosphate,C6H13O9P,hilic-03,0.027949175,0.950976942,0.002367553,0.013593987,0.011464637,0.009681514,0.006472643,0.005442725,,,,,,,,,,,,,,,,,
Succinate,C4H6O4,hilic-17,0.080759925,0.82446062,0.037681637,0.128215166,0.009642576,0,,,,,,,,,,,,,,,,,,,
L-Glutamic acid,C5H9NO4,hilic-02,0.224945484,0.667694098,0.127403118,0.009063206,0,0,0.195839578,,,,,,,,,,,,,,,,,,
Glucose-6-phosphate,C6H13O9P,hilic-13,0.435743794,0.529882332,0.008108592,0.016417817,0.019496949,0.011881216,0.017775735,0.396437359,,,,,,,,,,,,,,,,,
Alanine,C3H7NO2,hilic-09,0.006837601,0.993162399,0,0,0.006837601,,,,,,,,,,,,,,,,,,,,
Pyruvate,C3H4O3,hilic-08,0.071050623,0.918574949,0.008342137,0.014439008,0.058643906,,,,,,,,,,,,,,,,,,,,
L-Glutamine,C5H10N2O3,hilic-17,0.033698123,0.844195543,0.143363955,0.012346721,0,3.57E-05,5.81E-05,,,,,,,,,,,,,,,,,,
(iso)Citrate,C6H8O7,hilic-10,0.064867601,0.805758815,0.025408145,0.15004436,0.013846169,0.002581364,0.002322106,3.90E-05,,,,,,,,,,,,,,,,,
(iso)Citrate,C6H8O7,hilic-02,0.011845422,0.944194987,0.042020661,0.013189671,0,3.01E-04,2.94E-04,0,,,,,,,,,,,,,,,,,
Glucose CL,C6H13O6Cl,hilic-03,0.003960417,0.994300424,0,0,0,0.005112233,2.10E-04,3.77E-04,,,,,,,,,,,,,,,,,
Xylulose-5-phosphate,C5H11O8P,hilic-09,0.793198052,0.121368731,0,0.087670101,0.073785562,0.016584662,0.700590945,,,,,,,,,,,,,,,,,,
Acetyl-CoA,C23H38N7O17P3S,hilic-16,0.051312214,0.626262506,0.001002571,0.291642656,0.010759834,0,0.038068426,5.26E-04,0.013301329,0.00203158,8.04E-04,8.22E-04,0,0.00311008,0,0.002073122,9.41E-04,0.001358122,9.35E-04,0.001611445,0.001746251,0.001353893,0,0,0.001649993
Alanine,C3H7NO2,hilic-08,0.003654992,0.996345008,0,0,0.003654992,,,,,,,,,,,,,,,,,,,,
Acetyl-CoA,C23H38N7O17P3S,hilic-05,0.037798821,0.845920404,0.001508191,0.10624118,0.005185145,0,6.98E-04,0.001798572,0.002049636,0,0.002053682,0,0.002671851,0.002818976,0.001994694,0.002975262,0.003314319,0.001241482,0.003543323,0.001349731,0.002201026,0.003409006,0.002623985,0.004528845,0.001872258
3-Phosphoglycerate,C3H7O7P,hilic-14,0.757146866,0.231145071,0.00991091,0.015302367,0.743641652,,,,,,,,,,,,,,,,,,,,
Xylulose-5-phosphate,C5H11O8P,hilic-14,0.806065373,0.112420977,0.004350411,0.078949758,0.066901017,0.019515298,0.717862539,,,,,,,,,,,,,,,,,,
Ribulose-5-phosphate,C5H11O8P,hilic-15,0.826659073,0.085293223,0.005821203,0.084257457,0.073568747,0.017043847,0.734015523,,,,,,,,,,,,,,,,,,
6-Phosphogluconate,C6H13O10P,hilic-07,0.668771432,0.302142667,0.015400042,0.004081277,0.01126795,2.68E-04,0.046849764,0.619990063,,,,,,,,,,,,,,,,,
Malate,C4H6O5,hilic-05,0.036794276,0.944304776,0.020001392,0.003013991,0.009571636,0.023108206,,,,,,,,,,,,,,,,,,,
Sedoheptulose-7-phosphate,C7H15O10P,hilic-13,0.653655498,0.214535678,0.007253455,0.045445064,0.031999963,0.077648153,0.117202387,0.056566638,0.449348662,,,,,,,,,,,,,,,,
Dihydroxyacetone phosphate,C3H7O6P,hilic-11,0.173991643,0.776875603,0.020966375,0.105465513,0.096692509,,,,,,,,,,,,,,,,,,,,
Phosphoenolpyruvate,C3H5O6P,hilic-03,0.045203302,0.936553931,0,0.054728301,0.008717768,,,,,,,,,,,,,,,,,,,,
Malate,C4H6O5,hilic-09,0.046278412,0.921557854,0.028650303,0.01183666,0.019030706,0.018924477,,,,,,,,,,,,,,,,,,,
6-Phosphogluconate,C6H13O10P,hilic-11,0.666536097,0.299105096,0.010820118,0.006380912,0.013321611,0.020774835,0.045014098,0.604583329,,,,,,,,,,,,,,,,,
Glucose-6-phosphate,C6H13O9P,hilic-03,0.019858389,0.966340115,0,0.008683354,0.009177557,0.008367737,0.003807415,0.003623821,,,,,,,,,,,,,,,,,
Glyceraldehyde-3-phosphate,C3H7O6P,hilic-14,0.643028298,0.304617095,0.035317124,0.086429573,0.573636207,,,,,,,,,,,,,,,,,,,,
Glyceraldehyde-3-phosphate,C3H7O6P,hilic-08,0.563634372,0.382490437,0.038077147,0.08547128,0.493961136,,,,,,,,,,,,,,,,,,,,
Succinate,C4H6O4,hilic-02,0.00204986,0.991800559,0.008199441,0,0,0,,,,,,,,,,,,,,,,,,,
Dihydroxyacetone phosphate,C3H7O6P,hilic-09,0.156570603,0.792823608,0.023599737,0.104617893,0.078958763,,,,,,,,,,,,,,,,,,,,
Ribulose-5-phosphate,C5H11O8P,hilic-08,0.783269376,0.113862392,0.009326233,0.099383585,0.079316806,0.020251863,0.677859121,,,,,,,,,,,,,,,,,,
(iso)Citrate,C6H8O7,hilic-16,0.122769515,0.663032069,0.027658948,0.256238687,0.025021565,0.019084611,0.008707088,2.57E-04,,,,,,,,,,,,,,,,,
Ribulose-5-phosphate,C5H11O8P,hilic-04,0.770637782,0.123977545,0.008493158,0.098763496,0.085781926,0.025096388,0.657887486,,,,,,,,,,,,,,,,,,
Ribulose-5-phosphate,C5H11O8P,hilic-06,0.783050109,0.112563967,0.011587137,0.093277889,0.085290538,0.025166331,0.672114137,,,,,,,,,,,,,,,,,,
Acetyl-CoA,C23H38N7O17P3S,hilic-08,0.029238244,0.810469032,0.021333843,0.142629134,0,0,0.001428341,0,0.001565972,0.001294032,0.001860907,0,0.002217836,0.002780458,0.0015214,0,0.001676557,0.001795428,8.82E-04,0.001218688,0.001843075,0.002059925,9.17E-04,7.82E-04,0.001724971
L-Glutamic acid,C5H9NO4,hilic-13,0.263334036,0.559743284,0.097639558,0.160161133,0.006785887,0,0.175670139,,,,,,,,,,,,,,,,,,
L-Glutamic acid,C5H9NO4,hilic-06,0.264692773,0.654575518,0.088502009,0.01655017,0,0,0.240372303,,,,,,,,,,,,,,,,,,
Fructose-6-phosphate,C6H13O9P,hilic-10,0.457297563,0.508008199,0.007646943,0.018755569,0.014229073,0.017844993,0.016531231,0.416983991,,,,,,,,,,,,,,,,,
Malate,C4H6O5,hilic-14,0.089784068,0.839581187,0.037287286,0.064480865,0.041715393,0.016935269,,,,,,,,,,,,,,,,,,,
L-Glutamine,C5H10N2O3,hilic-18,0.031457844,0.856843122,0.129163703,0.013946787,0,0,4.64E-05,,,,,,,,,,,,,,,,,,
Phosphoenolpyruvate,C3H5O6P,hilic-12,0.698297507,0.255252591,0,0.139349708,0.605397701,,,,,,,,,,,,,,,,,,,,
Succinate,C4H6O4,hilic-06,0,1,0,0,0,0,,,,,,,,,,,,,,,,,,,
Fructose-6-phosphate,C6H13O9P,hilic-11,0.446927129,0.519737413,0.006212537,0.019993186,0.014503534,0.014389526,0.016687661,0.408476143,,,,,,,,,,,,,,,,,
L-Aspartic Acid,C4H7NO4,hilic-10,0.429886364,0.563046369,0,0.010122678,0.008023714,0.418807239,,,,,,,,,,,,,,,,,,,
L-Glutamine,C5H10N2O3,hilic-14,0.02446373,0.886892578,0.103937057,0.009156745,0,0,1.36E-05,,,,,,,,,,,,,,,,,,
L-Glutamic acid,C5H9NO4,hilic-12,0.258075633,0.598312987,0.098338655,0.107637592,8.95E-04,0,0.194816012,,,,,,,,,,,,,,,,,,
Ribulose-5-phosphate,C5H11O8P,hilic-16,0.852499135,0.075513394,0.00472855,0.069752619,0.060665102,0.010435093,0.778905241,,,,,,,,,,,,,,,,,,
Ribulose-5-phosphate,C5H11O8P,hilic-07,0.801512916,0.103551419,0.006857476,0.091823581,0.077185394,0.01740689,0.70317524,,,,,,,,,,,,,,,,,,
L-Glutamine,C5H10N2O3,hilic-08,0.023917364,0.886597412,0.107230464,0.006168088,0,0,4.04E-06,,,,,,,,,,,,,,,,,,
Alanine,C3H7NO2,hilic-04,0.005299345,0.994700655,0,0,0.005299345,,,,,,,,,,,,,,,,,,,,
Alanine,C3H7NO2,hilic-10,0.003256841,0.996743159,0,0,0.003256841,,,,,,,,,,,,,,,,,,,,
L-Glutamine,C5H10N2O3,hilic-13,0.024451411,0.888435145,0.100926765,0.010620053,0,0,1.80E-05,,,,,,,,,,,,,,,,,,
L-Glutamic acid,C5H9NO4,hilic-14,0.267269716,0.520606389,0.12222506,0.186994033,0.005368567,0,0.164805951,,,,,,,,,,,,,,,,,,
Acetyl-CoA,C23H38N7O17P3S,hilic-11,0.037520548,0.771031459,0.011053605,0.182605246,0,0,0.005600058,2.14E-05,6.45E-04,0.001322619,0.00104997,0.001927211,0.001602812,0.004090852,0.001314497,7.21E-04,0.003448225,8.39E-04,0.00111444,0.002229187,0.003382223,0,0.001564594,0.002513253,0.001922906
3-Phosphoglycerate,C3H7O7P,hilic-17,0.800581934,0.190539412,0.009145427,0.00834511,0.791970052,,,,,,,,,,,,,,,,,,,,
Dihydroxyacetone phosphate,C3H7O6P,hilic-01,0.091240147,0.862108892,0.019079411,0.101794063,0.017017634,,,,,,,,,,,,,,,,,,,,
L-Glutamic acid,C5H9NO4,hilic-09,0.234395238,0.611091653,0.148680581,0.059281074,0,0,0.180946693,,,,,,,,,,,,,,,,,,
Xylulose-5-phosphate,C5H11O8P,hilic-02,0.011137119,0.986377149,0,0,0.005420958,0.001586749,0.006615145,,,,,,,,,,,,,,,,,,
Phosphoenolpyruvate,C3H5O6P,hilic-01,0.020487449,0.972605928,0,0.02071987,0.006674202,,,,,,,,,,,,,,,,,,,,
Pyruvate,C3H4O3,hilic-15,0.152786637,0.832040915,0.012491775,0.020533794,0.134933516,,,,,,,,,,,,,,,,,,,,
Acetyl-CoA,C23H38N7O17P3S,hilic-17,0.062727985,0.605194181,0.008791081,0.285933606,0.001502844,0,0.051011558,0.00341335,0.018189958,0,0.001481892,8.36E-04,0.001600329,0.001265733,6.02E-04,0.002059659,5.22E-04,0.001568257,7.47E-04,0.00170363,0.002942418,0.002223249,0,0.006565631,0.001846569
Ribulose-5-phosphate,C5H11O8P,hilic-13,0.815685975,0.092538096,0.007399136,0.08692266,0.074468805,0.01957751,0.719093793,,,,,,,,,,,,,,,,,,
Alanine,C3H7NO2,hilic-17,0.002915902,0.997084098,0,0,0.002915902,,,,,,,,,,,,,,,,,,,,
Fructose-6-phosphate,C6H13O9P,hilic-17,0.734894994,0.229798293,0.002867269,0.028246963,0.012370595,0.01504561,0.017313083,0.694358188,,,,,,,,,,,,,,,,,
(iso)Citrate,C6H8O7,hilic-12,0.063298201,0.804947627,0.032814027,0.145813142,0.012439385,0.001923843,0.002036482,2.55E-05,,,,,,,,,,,,,,,,,
Alanine,C3H7NO2,hilic-16,0.005701223,0.994298777,0,0,0.005701223,,,,,,,,,,,,,,,,,,,,
Dihydroxyacetone phosphate,C3H7O6P,hilic-18,0.29519259,0.686134756,0.008646175,0.038725613,0.266493456,,,,,,,,,,,,,,,,,,,,
6-Phosphogluconate,C6H13O10P,hilic-17,0.747064144,0.223235101,0.007904698,0.006605944,0.015837282,0.011995808,0.0407538,0.693667367,,,,,,,,,,,,,,,,,
(iso)Citrate,C6H8O7,hilic-08,0.047690292,0.847150076,0.030551761,0.113608101,0.007537144,1.07E-05,0.001133724,8.48E-06,,,,,,,,,,,,,,,,,
Glucose-6-phosphate,C6H13O9P,hilic-11,0.397606162,0.576748607,0.002270201,0.013406697,0.018006485,0.008765103,0.017343928,0.363458978,,,,,,,,,,,,,,,,,
(iso)Citrate,C6H8O7,hilic-04,0.032693327,0.896563229,0.016561215,0.082250482,0.004013793,0,6.11E-04,0,,,,,,,,,,,,,,,,,
L-Aspartic Acid,C4H7NO4,hilic-03,0.446355202,0.553644798,0,0,0,0.446355202,,,,,,,,,,,,,,,,,,,
L-Glutamic acid,C5H9NO4,hilic-03,0.251486005,0.639824297,0.130023853,0.00778436,0,0,0.22236749,,,,,,,,,,,,,,,,,,
Pyruvate,C3H4O3,hilic-04,0.045173795,0.945835113,0.006968096,0.013037084,0.034159707,,,,,,,,,,,,,,,,,,,,
Alanine,C3H7NO2,hilic-12,0.00298929,0.99701071,0,0,0.00298929,,,,,,,,,,,,,,,,,,,,
Succinate,C4H6O4,hilic-03,0.003257079,0.986971684,0.013028316,0,0,0,,,,,,,,,,,,,,,,,,,
L-Glutamine,C5H10N2O3,hilic-15,0.023655645,0.891298977,0.099165073,0.0095222,0,0,1.38E-05,,,,,,,,,,,,,,,,,,
L-Aspartic Acid,C4H7NO4,hilic-12,0.454604915,0.538904724,0,0.009794,0.006373442,0.444927833,,,,,,,,,,,,,,,,,,,
Fructose-6-phosphate,C6H13O9P,hilic-04,0.178859104,0.782330969,0.008363253,0.023681901,0.013420458,0.021801923,0.01245047,0.137951025,,,,,,,,,,,,,,,,,
6-Phosphogluconate,C6H13O10P,hilic-13,0.672793784,0.291938251,0.012762,0.007767949,0.020707118,0,0.054604645,0.612220038,,,,,,,,,,,,,,,,,
3-Phosphoglycerate,C3H7O7P,hilic-11,0.75539866,0.235710034,0.009202337,0.008269243,0.746818385,,,,,,,,,,,,,,,,,,,,
Succinate,C4H6O4,hilic-14,0.038292608,0.913180408,0.021572779,0.064142785,0.001104028,0,,,,,,,,,,,,,,,,,,,
Phosphoenolpyruvate,C3H5O6P,hilic-08,0.719925034,0.251845864,0,0.084687308,0.663466828,,,,,,,,,,,,,,,,,,,,
Ribulose-5-phosphate,C5H11O8P,hilic-01,0.011845922,0.985572588,0,0,0.004224075,0.004459301,0.005744036,,,,,,,,,,,,,,,,,,
Pyruvate,C3H4O3,hilic-11,0.110444516,0.873299662,0.013325901,0.022115664,0.091258773,,,,,,,,,,,,,,,,,,,,
Ribose-5-phosphate,C5H11O8P,hilic-04,0.241072575,0.674163744,0.039863156,0.022498264,0.078876149,0.039118691,0.145479996,,,,,,,,,,,,,,,,,,
L-Glutamine,C5H10N2O3,hilic-07,0.022476903,0.8927951,0.102030445,0.005172735,0,0,1.72E-06,,,,,,,,,,,,,,,,,,
Succinate,C4H6O4,hilic-01,0.001208813,0.995164747,0.004835253,0,0,0,,,,,,,,,,,,,,,,,,,
Fructose-6-phosphate,C6H13O9P,hilic-12,0.453485829,0.51856715,0.00803638,0.016199469,0.016390978,0,0.013529415,0.427276607,,,,,,,,,,,,,,,,,
L-Aspartic Acid,C4H7NO4,hilic-11,0.430446915,0.563063064,0,0.009319401,0.007321283,0.420296252,,,,,,,,,,,,,,,,,,,
L-Glutamine,C5H10N2O3,hilic-04,0.025843997,0.875396797,0.119995389,0.004604824,0,0,2.99E-06,,,,,,,,,,,,,,,,,,
L-Glutamine,C5H10N2O3,hilic-02,0.023354117,0.888816055,0.105597685,0.005586133,0,0,1.27E-07,,,,,,,,,,,,,,,,,,
Ribulose-5-phosphate,C5H11O8P,hilic-03,0.010554185,0.986270813,0,0,0.006904154,0.002066702,0.004758331,,,,,,,,,,,,,,,,,,
Alanine,C3H7NO2,hilic-06,0.00808643,0.99191357,0,0,0.00808643,,,,,,,,,,,,,,,,,,,,
Acetyl-CoA,C23H38N7O17P3S,hilic-13,0.047273134,0.720810723,0.017630932,0.209287065,0.00186274,0,0.012624676,2.09E-05,0.003203642,0,0.001709068,0.002567052,0.002238312,0.003843817,5.72E-04,0.00171472,0.002918479,0.00120842,0.002763719,0.001770266,0.00364574,0.001949594,0.003882843,0.002020186,0.001755183
Pyruvate,C3H4O3,hilic-13,0.167249425,0.81154667,0.019198876,0.025213962,0.144040491,,,,,,,,,,,,,,,,,,,,
Dihydroxyacetone phosphate,C3H7O6P,hilic-03,0.103116255,0.844256461,0.023739739,0.110402375,0.021601425,,,,,,,,,,,,,,,,,,,,
Succinyl coenzyme A,C25H40N7O19P3S,hilic-01,,0.617885213,0.25243773,0.058439811,0.015128984,0.011979599,0.028633337,0.015495327,,,,,,,,,,,,,,,,,
Succinyl coenzyme A,C25H40N7O19P3S,hilic-10,,0.660070567,0.113899777,0.045683658,0.069252419,0.037415842,0.045930325,0.027747414,,,,,,,,,,,,,,,,,
Succinyl coenzyme A,C25H40N7O19P3S,hilic-14,,0.608788721,0.114990887,0.099937894,0.035714916,0.06177047,0.078797111,0,,,,,,,,,,,,,,,,,
Succinyl coenzyme A,C25H40N7O19P3S,hilic-09,,0.742471567,0.132206101,0.017211131,0.007074265,0.035697625,0.025484342,0.039854969,,,,,,,,,,,,,,,,,
Succinyl coenzyme A,C25H40N7O19P3S,hilic-15,,0.656445426,0.104001598,0.088950744,0.041712667,0.036358198,0.032315729,0.040215637,,,,,,,,,,,,,,,,,
Succinyl coenzyme A,C25H40N7O19P3S,hilic-13,,0.674106885,0.141601341,0.012652967,0.025212526,0.030329578,0.092014501,0.024082202,,,,,,,,,,,,,,,,,
Succinyl coenzyme A,C25H40N7O19P3S,hilic-07,,0.674030231,0.126990407,0.054504796,0.013648786,0.027489269,0.087360299,0.015976212,,,,,,,,,,,,,,,,,
Succinyl coenzyme A,C25H40N7O19P3S,hilic-12,,0.808195915,0,0.025520517,0.017934233,0.06461873,0.055755478,0.027975127,,,,,,,,,,,,,,,,,
Succinyl coenzyme A,C25H40N7O19P3S,hilic-05,,0.657325065,0.157840186,0.048797579,0.033259583,0.066783422,0.017396176,0.018597988,,,,,,,,,,,,,,,,,
Succinyl coenzyme A,C25H40N7O19P3S,hilic-17,,0.650043661,0.195125133,0.054725436,0.0046255,0.031161816,0.032703537,0.031614917,,,,,,,,,,,,,,,,,
Succinyl coenzyme A,C25H40N7O19P3S,hilic-18,,0.613004915,0.191080129,0.077247591,0.00785203,0.049784487,0.03548137,0.025549479,,,,,,,,,,,,,,,,,
Succinyl coenzyme A,C25H40N7O19P3S,hilic-03,,0.641704423,0.171671469,0.042702056,0.03782134,0.038515498,0.018388215,0.049196999,,,,,,,,,,,,,,,,,
Succinyl coenzyme A,C25H40N7O19P3S,hilic-04,,0.7140278,0.163027264,0.025238534,0.020858355,0.007196507,0.05686939,0.012782149,,,,,,,,,,,,,,,,,
Succinyl coenzyme A,C25H40N7O19P3S,hilic-11,,0.730153905,0.145297428,0.009153772,0.012009033,0.037707291,0.025218474,0.040460097,,,,,,,,,,,,,,,,,
Succinyl coenzyme A,C25H40N7O19P3S,hilic-02,,0.737124226,0.155714592,0.021485784,0.03206518,0.015386442,0.024790987,0.013432789,,,,,,,,,,,,,,,,,
Succinyl coenzyme A,C25H40N7O19P3S,hilic-16,,0.716557267,0.183288754,0.010424143,0.006693513,0.020466202,0.040432815,0.022137305,,,,,,,,,,,,,,,,,
Succinyl coenzyme A,C25H40N7O19P3S,hilic-06,,0.602162546,0.214671534,0.050570467,0.029362229,0.03680914,0.02849596,0.037928123,,,,,,,,,,,,,,,,,
fructose 1,C6H14O12P2,RPneg-06,0.304122429,0.628361671,0.019894907,0.013758278,0.034562671,0.066330867,0.014238007,0.222853599,,,,,,,,,,,,,,,,,
Fumaric acid (RP),C4H4O4,RPneg-10,0.133937757,0.82755889,0.00228749,0.023199818,0.100751308,0.046202494,,,,,,,,,,,,,,,,,,,
fructose 1,C6H14O12P2,RPneg-01,0.097814656,0.861509654,0.023017266,0,0.010817432,0.041819622,0.012876272,0.049959755,,,,,,,,,,,,,,,,,
Fumaric acid (RP),C4H4O4,RPneg-12,0.096329568,0.877088141,0,0.037613827,0.03110151,0.054196522,,,,,,,,,,,,,,,,,,,
fructose 1,C6H14O12P2,RPneg-14,0.400206313,0.526752434,0.019619279,0.025714057,0.048574035,0.029765742,0.032041305,0.317533148,,,,,,,,,,,,,,,,,
fructose 1,C6H14O12P2,RPneg-17,0.402839846,0.552223443,0.016476332,0.004667093,0.027705071,0.03295999,0.019535038,0.346433032,,,,,,,,,,,,,,,,,
Fumaric acid (RP),C4H4O4,RPneg-02,0.089727556,0.881569886,0,0.047053651,0.020702932,0.050673531,,,,,,,,,,,,,,,,,,,
Fumaric acid (RP),C4H4O4,RPneg-13,0.101324778,0.86262838,0.004658682,0.045617281,0.038976764,0.048118894,,,,,,,,,,,,,,,,,,,
Fumaric acid (RP),C4H4O4,RPneg-03,0.118607362,0.849434769,0,0.036420251,0.054990975,0.059154005,,,,,,,,,,,,,,,,,,,
Fumaric acid (RP),C4H4O4,RPneg-15,0.195399856,0.735142183,0.011280341,0.035496945,0.172996931,0.0450836,,,,,,,,,,,,,,,,,,,
fructose 1,C6H14O12P2,RPneg-07,0.338431327,0.559872069,0.040757715,0.023425797,0.05440764,0.067018648,0.015427641,0.239090489,,,,,,,,,,,,,,,,,
fructose 1,C6H14O12P2,RPneg-10,0.308891965,0.638581133,0.023157087,0.007460441,0.040045498,0.016629007,0.016139705,0.25798713,,,,,,,,,,,,,,,,,
Fumaric acid (RP),C4H4O4,RPneg-07,0.113590282,0.861851322,8.90E-04,0.013691016,0.068180935,0.055386521,,,,,,,,,,,,,,,,,,,
fructose 1,C6H14O12P2,RPneg-12,0.30655404,0.635324464,0.022335594,0.007091498,0.03076963,0.048923204,0.018529713,0.237025897,,,,,,,,,,,,,,,,,
fructose 1,C6H14O12P2,RPneg-13,0.339169937,0.591401719,0.031112069,0.012070092,0.038433104,0.043164607,0.011100823,0.272717586,,,,,,,,,,,,,,,,,
Fumaric acid (RP),C4H4O4,RPneg-09,0.168579015,0.779028763,0.003022786,0.031884876,0.136730776,0.049332798,,,,,,,,,,,,,,,,,,,
Fumaric acid (RP),C4H4O4,RPneg-14,0.141811184,0.808986042,0.009325406,0.04144036,0.085954155,0.054294037,,,,,,,,,,,,,,,,,,,
fructose 1,C6H14O12P2,RPneg-03,0.113062976,0.810788404,0.049909017,0.018554901,0.019430341,0.031200096,0.012435816,0.057681425,,,,,,,,,,,,,,,,,
Fumaric acid (RP),C4H4O4,RPneg-01,0.100651387,0.867264186,0,0.046682939,0.03497183,0.051081045,,,,,,,,,,,,,,,,,,,
fructose 1,C6H14O12P2,RPneg-11,0.297174393,0.632485508,0.037046317,0.006244096,0.048434997,0.027817855,0.010891928,0.237079299,,,,,,,,,,,,,,,,,
Fumaric acid (RP),C4H4O4,RPneg-11,0.141497623,0.820864621,2.28E-04,0.020381322,0.109104237,0.049421773,,,,,,,,,,,,,,,,,,,
fructose 1,C6H14O12P2,RPneg-09,0.285613401,0.647070939,0.034804126,0.007634896,0.045810954,0.020245667,0.021409551,0.223023867,,,,,,,,,,,,,,,,,
fructose 1,C6H14O12P2,RPneg-15,0.391307345,0.524762644,0.037703023,0.016292159,0.05619551,0.025096166,0.031117457,0.308833042,,,,,,,,,,,,,,,,,
fructose 1,C6H14O12P2,RPneg-05,0.356311529,0.539042763,0.035132354,0.027272659,0.059434326,0.073010321,0.018798215,0.247309361,,,,,,,,,,,,,,,,,
Fumaric acid (RP),C4H4O4,RPneg-04,0.191136369,0.753733715,0.00729726,0.019006022,0.160615843,0.05934716,,,,,,,,,,,,,,,,,,,
fructose 1,C6H14O12P2,RPneg-18,0.415182356,0.535487787,0.019346925,0.002265284,0.033049948,0.03697093,0.017091673,0.355787452,,,,,,,,,,,,,,,,,
Fumaric acid (RP),C4H4O4,RPneg-18,0.122426277,0.817259897,0.014126068,0.075848213,0.047180675,0.045585147,,,,,,,,,,,,,,,,,,,
Fumaric acid (RP),C4H4O4,RPneg-08,0.180819348,0.764715897,0.007703103,0.018867237,0.157015236,0.051698527,,,,,,,,,,,,,,,,,,,
Fumaric acid (RP),C4H4O4,RPneg-16,0.13497328,0.79745934,0.016517573,0.0791435,0.062429801,0.044449786,,,,,,,,,,,,,,,,,,,
fructose 1,C6H14O12P2,RPneg-16,0.429248689,0.515433459,0.02449588,0,0.041296308,0.029989103,0.025560582,0.363224668,,,,,,,,,,,,,,,,,
Fumaric acid (RP),C4H4O4,RPneg-17,0.125882208,0.813970263,0.011986359,0.075767608,0.053095826,0.045179944,,,,,,,,,,,,,,,,,,,
Fumaric acid (RP),C4H4O4,RPneg-05,0.144671597,0.815497581,0.006907801,0.02608796,0.086423966,0.065082692,,,,,,,,,,,,,,,,,,,
fructose 1,C6H14O12P2,RPneg-08,0.287571038,0.623505304,0.042793938,0.011686848,0.065777923,0.026879404,0.021732286,0.207624297,,,,,,,,,,,,,,,,,
fructose 1,C6H14O12P2,RPneg-02,0.098904102,0.862639434,0.016119318,0.003705564,0.016215514,0.035477829,0.015717742,0.050124599,,,,,,,,,,,,,,,,,
fructose 1,C6H14O12P2,RPneg-04,0.306780546,0.593292357,0.04437364,0.030684229,0.040804753,0.053541905,0.025459392,0.211843723,,,,,,,,,,,,,,,,,
Lactic acid,C3H6O3,hilic-01,,0.996836566,0.003163434,0,0,,,,,,,,,,,,,,,,,,,,
Lactic acid,C3H6O3,hilic-02,,1,0,0,0,,,,,,,,,,,,,,,,,,,,
Lactic acid,C3H6O3,hilic-03,,1,0,0,0,,,,,,,,,,,,,,,,,,,,
Lactic acid,C3H6O3,hilic-04,,0.765210546,0,0,0.234789454,,,,,,,,,,,,,,,,,,,,
Lactic acid,C3H6O3,hilic-05,,0.618532924,0,0,0.381467076,,,,,,,,,,,,,,,,,,,,
Lactic acid,C3H6O3,hilic-06,,0.780964644,0,0,0.219035356,,,,,,,,,,,,,,,,,,,,
Lactic acid,C3H6O3,hilic-07,,0.692071484,0,0,0.307928516,,,,,,,,,,,,,,,,,,,,
Lactic acid,C3H6O3,hilic-08,,0.8339826,0,0,0.1660174,,,,,,,,,,,,,,,,,,,,
Lactic acid,C3H6O3,hilic-09,,0.717343976,0,0,0.282656024,,,,,,,,,,,,,,,,,,,,
Lactic acid,C3H6O3,hilic-10,,0.709738143,0,0,0.290261857,,,,,,,,,,,,,,,,,,,,
Lactic acid,C3H6O3,hilic-11,,0.746334243,0,0,0.253665757,,,,,,,,,,,,,,,,,,,,
Lactic acid,C3H6O3,hilic-12,,0.766884485,0,0,0.233115515,,,,,,,,,,,,,,,,,,,,
Lactic acid,C3H6O3,hilic-13,,0.783385536,0,0,0.216614464,,,,,,,,,,,,,,,,,,,,
Lactic acid,C3H6O3,hilic-14,,0.641289951,0,0,0.358710049,,,,,,,,,,,,,,,,,,,,
Lactic acid,C3H6O3,hilic-15,,0.720912961,0,0,0.279087039,,,,,,,,,,,,,,,,,,,,
Lactic acid,C3H6O3,hilic-16,,0.527785464,0.001524061,0,0.470690474,,,,,,,,,,,,,,,,,,,,
Lactic acid,C3H6O3,hilic-17,,0.705236987,0,0,0.294763013,,,,,,,,,,,,,,,,,,,,
Lactic acid,C3H6O3,hilic-18,,0.663019636,0.003096127,0,0.333884237,,,,,,,,,,,,,,,,,,,,
